"","X","Species","Song.ID","Date..MDY.","Time","Locality","GPS.coordinate.N","GPS.coordinate.W","Elevation..m.","Habitat.Type","X..Canopy.Cover","Dominant.Species","Tree.Size.Class","Understory.code","Est.dist.from.recorder","Background.species","Disturbance.in.recording.","Stimulus","Banded","Recorder.Initials","Number.of.files","Usable","Num.clear.songs","Num.buzzy.songs","buzzy.or.clear","clear.songs.analyze","Notes","song.category"
"1",1,"Setophaga townsendi","SRE01M01","5/1/2017","7:17:00 AM","PACIFIC SPIRIT PARK",49.15328,-123.13514,100,"Conifer",90,"Western Hemlock (Tsuga heterophylla)",3,"6","15","RBNU","RECORDER","Natural","Yes","MJO",2,"yes (1)",NA,NA,"clear","","TRACKS 008 AND 010; TAKE TRAIL EAST, NEAR LARGE STUMP (CEDAR?) WITH SMALL TREE FROM THE TOP, W OF TRAIL, HOLE-Y SNAG ACROSS ON E SIDE OF TRAIL",""
"2",2,"Setophaga townsendi","SRE01M02","5/1/2017","7:37:00 AM","PACIFIC SPIRIT PARK",49.15215,-123.1344,94,"Conifer",75,"Red Cedar (Thuga plicata), Western Hemlock (Tsuga heterophylla)",3,"6","10","PISI, PSFL, PAWR","RAIN","Natural","No","MJO",NA,"no",1,NA,"","","TRACK 011; TOWA HEARD SINGING HERE BUT ONLY CALL NOTES RECORDED; 2 BTYW HEARD SINGING NEARBY; FURTHER S DOWN TRAIL FROM SRE01M01 NEAR FLAT TOP SNAG FOLLOWED BY CRUMBLING SNAG WITH 2 PLANTS GROWING OUT OF TOP",""
"3",3,"Setophaga townsendi","SRE01M03","5/1/2017","8:04:00 AM","PACIFIC SPIRIT PARK",49.15192,-123.13447,111,"Mixed Conifer/Hardwood",50,"Red Cedar (Thuga plicata), BIG LEAF MAPLE (ACER MACROPHYLLUM)",3,NA,"20","PSFL",NA,"Natural","No","MJO",1,"yes",NA,NA,"buzzy","","TRACK 012",""
"4",4,"Setophaga townsendi","SRE01M04","5/1/2017","8:10:00 AM","PACIFIC SPIRIT PARK",49.1519,-123.13436,88,"Conifer",75,"Western Hemlock (Tsuga heterophylla)",3,NA,NA,"PUFI, PISI, BTYW, PAWR",NA,"Natural","No","MJO",3,"yes (1,2,3)",NA,NA,"b/c","","TRACKS 013, 014 AND 015; CONIFER ADJACENT TO HARDWOOD - W SIDE OF TRAIL IS HARDWOOD, E SIDE OF TRAIL IS CONIFER; FURTHER SOUTH FROM PREVIOUS TOWA (SRE01M03?) ON SALISH TRAIL, RIGHT AFTER BEND IN THE ROAD",""
"5",5,"Setophaga townsendi","SRE01M05","5/1/2017","8:43:00 AM","PACIFIC SPIRIT PARK",49.15258,-123.13648,79,"Conifer",80,"Western Hemlock (Tsuga heterophylla)",3,"6","25",NA,"POSSIBLE TREE CUTTER, CONSTRUCTION, MACHINERY ","Natural","No","MJO",1,"yes",NA,NA,"clear","","TRACK 016; ON SWORD FERN TRAIL?, JUST N OF COUNCIL, RIGHT AFTER WOODEN BRIDGE",""
"6",6,"Setophaga townsendi","SRE01M06","5/1/2017","8:56:00 AM","PACIFIC SPIRIT PARK",49.15303,-123.13715,108,"Conifer",75,"Western Hemlock (Tsuga heterophylla)",3,"5","15","PAWR","CONSTRUCTION, MACHINERY","Natural","No","MJO",1,"yes",NA,NA,"clear","","TRACK 017; ON SWORD FERN TRAIL AT BEND IN ROAD WITH LARGE CONIFER NEXT TO SHAG WITH LOGS STREWN AROUND BASE",""
"7",7,"Setophaga townsendi","SRE02M01","5/2/2017","7:56:00 AM"," IRON KNEE JUNCTION NEAR SALISH TRAIL, Pacific Spirit Park",49.1524,-123.1342,106,"Conifer",85,"Western Hemlock (Tsuga heterophylla)",3,"6","10",NA,NA,"Natural","No","MJO",2,"yes (1)",NA,NA,"clear","","TRACKS 18 AND 19",""
"8",8,"Setophaga townsendi","SRE02M02","5/2/2017","8:20:00 AM"," JUNCTION OF SALISH AND SWORD FERN TRAILS, PACIFIC SPIRIT PARK",49.15428,-123.13585,109,"Conifer",75,"Western Hemlock (Tsuga heterophylla)",2,"6","25",NA,"AIRPLANE, CARS","Natural","No","LM",1,"yes",NA,NA,"clear","","TREE CLASS SIZE 2 AND 3 DOMINATE",""
"9",9,"Setophaga townsendi","SRE04M01","5/4/2017","9:57:00 AM","PACIFIC SPIRIT PARK",49.15248,-123.13624,NA,"Conifer",75,"Western Hemlock (Tsuga heterophylla)",3,"6",NA,NA,"PEOPLE, DOGS, CONSTRUCTION","Natural","Yes","MJO",2,"yes (1,2)",NA,NA,"clear","","TRACKS 033 AND 034; RE04M01",""
"10",10,"Setophaga townsendi","SRE06M01","5/6/2017","6:00:00 AM","JORDAN RIVER",48.25667,-124.04305,74,"Conifer",50,"Douglas Fir (Pseudotsuga menziesii)",3,"4","20","PAWR, AMRO, WIWA, VATH",NA,"Natural","No",NA,1,"yes (1,2)",NA,NA,"clear","","LOGGED AREA",""
"11",11,"Setophaga townsendi","SRE06M02","5/6/2017","6:15:00 AM","PETREL RD, JORDAN RIVER ",48.25626,-124.04397,45,"Conifer",90,"Western Hemlock (Tsuga heterophylla)",3,"4","25","PSFL",NA,"Natural","No",NA,1,"",NA,NA,"","",NA,""
"12",12,"Setophaga townsendi","SRE06M03","5/6/2017","6:32:00 AM","PETREL RD, JORDAN RIVER ",48.25856,-124.04335,67,"Conifer",40,"Douglas Fir (Pseudotsuga menziesii)",2,"5","20","AMRO, PUFI, VATH, WIWA",NA,"Natural","No","MJO",1,"yes",NA,NA,"clear","","TRACK 1004; 2ND TOWA STARTS AFTER FOOTSTEPS - SRE06MO4",""
"13",13,"Setophaga townsendi","SRE06M04","5/6/2017","6:34:00 AM","PETREL RD, JORDAN RIVER ",48.25828,-124.0434,66,"Conifer",40,"Douglas Fir (Pseudotsuga menziesii)",2,"5","10","AMRO, PUFI, VATH, WIWA",NA,"Natural","No",NA,1,"yes",NA,NA,"clear","","TRACK 1004",""
"14",14,"Setophaga townsendi","SRE06M05","5/6/2017","7:18:00 AM","JORDAN RIVER",48.26254,-124.04695,94,"Mixed Conifer/Hardwood",90,"Douglas Fir (Pseudotsuga menziesii), Western Hemlock (Tsuga heterophylla), RED ALDER (ALNUS RUBRA)",3,"4","20",NA,NA,"Natural","Yes",NA,1,"yes",NA,NA,"clear","","TRACK 1005; RE06M01",""
"15",15,"Setophaga townsendi","SRE06M06","5/6/2017","8:55:00 AM","OFF OF HIGHWAY 14, JORDAN RIVER ",48.26475,-124.06562,145,"Conifer",95,"Red Cedar (Thuga plicata), Sitka Spruce (Picea sitchensis)",3,"4","15","HUVI, WIWA","TRAFFIC","Natural","Yes",NA,1,"yes",NA,NA,"clear","",NA,""
"16",16,"Setophaga townsendi","SRE06M07","5/6/2017","10:14:00 AM","OFF OF HIGHWAY 14, JORDAN RIVER ",48.26646,-127.07069,146,"Conifer",90,"Western Hemlock (Tsuga heterophylla), Sitka Spruce (Picea sitchensis)",3,"6","15","WIWA","TRAFFIC","Natural","Yes",NA,2,"yes (1,2)",NA,NA,"clear","","2ND TOWA SINGING IN DISTANCE IS SRE06M08; TRACKS 46 AND 47",""
"17",17,"Setophaga townsendi","SRE06M08","5/6/2017","10:21:00 AM","OFF OF HIGHWAY 14, JORDAN RIVER ",48.26641,-124.07045,147,"Conifer",90,"Western Hemlock (Tsuga heterophylla), Sitka Spruce (Picea sitchensis)",3,"6","20","GCKL, CBCH","TRAFFIC","Natural","No",NA,NA,"no",1,NA,"","","CHIRPING FROM CANOPY WHILE FORAGING; GPS WAYPOINT 004; TRACK 48",""
"18",18,"Setophaga townsendi","SRE07M01","5/7/2017","6:22:00 AM","Loon Lake, Port Alberni",49.1527,-124.41971,393,"Conifer",60,"Douglas Fir (Pseudotsuga menziesii)",2,"5","25","PAWR, HAFL, WETA, BARO, MGWA, BTPI, YRWA","TRAFFIC, OBSERVER","Natural","No","MJO",2,"yes (1,2)",21,NA,"clear","1,17,18","TRACK 50 AND 51 (6:30am); RTHA NEAR RECORDING SITE (TOWA STOPPED SINGING THEN RESUMED)",""
"19",19,"Setophaga townsendi","SRE07M02","5/7/2017","7:18:00 AM","Loon Lake, Port Alberni",49.15254,-124.41944,375,"Conifer",60,"Douglas Fir (Pseudotsuga menziesii)",3,"5","30","WCSP, SOSP, AMRO, HAFL, WETA",NA,"Natural","No",NA,1,"yes",16,NA,"clear","8,5,6",NA,""
"20",20,"Setophaga townsendi","SRE07M03","5/7/2017","7:10:00 AM","Loon Lake, Port Alberni",49.1522,-124.41757,392,"Conifer",70,"Red Cedar (Thuga plicata)",2,"2","15","PUFI, RBSA, WETA, WCSP",NA,"Natural","Yes",NA,1,"yes",13,NA,"clear","12,3,4","TRACK 52?; TERRITORY ADJACENT TO A CLEARCUT",""
"21",21,"Setophaga townsendi","SRE07M04","5/7/2017","7:42:00 AM","Loon Lake, Port Alberni",49.1516,-124.41643,412,"Conifer",75,"Western Hemlock (Tsuga heterophylla)",2,"2","10","PAWR, WETA, SOSP",NA,"Natural","No",NA,1,"yes",16,NA,"clear","4,3,11","TRACK 053; 2ND TOWA SINGING IN DISTANCE",""
"22",22,"Setophaga townsendi","SRE07M05","5/7/2017","7:46:00 AM","Loon Lake, Port Alberni",49.15145,-124.41627,388,"Conifer",80,"Douglas Fir (Pseudotsuga menziesii)",2,"2","25","AMRO, BAEA, PISI, PAWR, RWBL, SOSP",NA,"Natural","No",NA,1,"no",NA,NA,NA,"","TRACK 1009",""
"23",23,"Setophaga townsendi","SRE07M06","5/7/2017","8:08","Loon Lake, Port Alberni",49.15165,-124.41551,384,"Conifer",70,"Douglas Fir (Pseudotsuga menziesii), Red Cedar (Thuga plicata)",2,"2","25-Oct","PSFL, AMRO, HAFL, RBSA, PAWR",NA,"Natural","No",NA,1,"yes",24,NA,"clear","21,19,10","TRACK 1010; STARTED CLOSE THEN FLEW TO DIFFERENT PART OF TERRITORY",""
"24",24,"Setophaga townsendi","SRE07M07","5/7/2017","8:21:00 AM","Loon Lake, Port Alberni",49.15144,-124.41462,383,"Conifer",40,"Douglas Fir (Pseudotsuga menziesii), Red Cedar (Thuga plicata)",2,"2","15","MGWA, PISI",NA,"Natural","Yes",NA,2,"yes (2)",5,NA,"clear","5,3,4","TRACKS 54 AND 55; 2ND TOWA IN DISTANCE",""
"25",25,"Setophaga townsendi","SRE07M08","5/7/2017","8:20:00 AM","Loon Lake, Port Alberni",49.15122,-124.41476,380,"Conifer",70,"Douglas Fir (Pseudotsuga menziesii)",3,"3","30","PSFL, MGWA","RIVER","Natural","No",NA,1,"yes",22,NA,"clear","18,14,10","TRACK 1012",""
"26",26,"Setophaga townsendi","SRE07M09","5/7/2017","8:40:00 AM","Loon Lake, Port Alberni",49.15117,-124.41313,400,"Conifer",85,"Douglas Fir (Pseudotsuga menziesii), Red Cedar (Thuga plicata)",2,"2","15","STJA, HAFL, RBSA",NA,"Natural","No",NA,2,"yes (1,2)",15,NA,"clear","13,1,7","Flew away at end of recording, sings distantly",""
"27",27,"Setophaga townsendi","SRE07M10","5/7/2017","4:50:00 PM","Tofino",49.04104,-125.39913,35,"Conifer",65,"Red Cedar (Thuga plicata)",3,"6","15",NA,NA,"Natural","Yes","MJO",1,"yes",NA,NA,"clear","","Banded on 09 May 2017","A"
"28",28,"Setophaga townsendi","SRE08M01","5/8/2017","6:35:00 AM","Tofino",49.0366,-125.40898,48,"Conifer",90,"Douglas Fir (Pseudotsuga menziesii)",3,"6","25",NA,NA,"Natural","Yes",NA,1,"yes",NA,NA,"clear","",NA,"A"
"29",29,"Setophaga townsendi","SRE08M02","5/8/2017","7:10:00 AM","Tofino",49.03523,-125.40892,44,"Conifer",NA,"Red Cedar (Thuga plicata)",2,"6","45","WIWA, CORA, HUVI",NA,"Natural","No",NA,NA,"",1,NA,"","",NA,""
"30",30,"Setophaga townsendi","SRE08M03","5/8/2017","7:43:00 AM","Tofino",49.03421,-125.40915,54,"Conifer",NA,"Red Cedar (Thuga plicata)",2,"6","15","WIWA, HUVI, VATH, CORA",NA,"Natural","No",NA,3,"yes (2,3)",NA,NA,"clear","",NA,""
"31",31,"Setophaga townsendi","SRE08M04","5/8/2017","8:27:00 AM","Tofino",49.03354,-125.40629,57,"Conifer",65,"Red Cedar (Thuga plicata)",2,"6","15","HUVI, CORA","Traffic","Natural","Yes",NA,2,"yes (1,2)",NA,NA,"clear","",NA,"A"
"32",32,"Setophaga townsendi","SRE08M05","5/8/2017","9:03:00 AM","TOFINO",49.03163,-125.40513,51,"Conifer",NA,"Red Cedar (Thuga plicata)",2,"5","10","CORA, HETH, PAWR, AMRO",NA,"Natural","No",NA,1,"yes",NA,NA,"clear","","TRACK 61","A"
"33",33,"Setophaga townsendi","SRE08M06","5/8/2017","9:08:00 AM","TOFINO",49.03233,-125.40513,66,"Conifer",80,"Red Cedar (Thuga plicata)",3,"5","20","PAWR",NA,"Natural","Yes",NA,NA,"",1,NA,"","","TRACKS 1020 AND 1021; GPS WAYPOINT 007",""
"34",34,"Setophaga townsendi","SRE08M07","5/8/2017","10:50:00 AM","Tofino",49.03372,-125.40419,46,"Conifer",70,"Red Cedar (Thuga plicata)",2,"6","25","HUVI, GCKI",NA,"Natural","No",NA,1,"maybe",NA,NA,"clear","","2 TOWA singing in the background",""
"35",35,"Setophaga townsendi","SRE08M08","5/8/2017","11:00:00 AM","Tofino",49.03409,-125.40434,30,"Conifer",50,"Red Cedar (Thuga plicata)",2,"6","15-30","HUVI",NA,"Natural","No",NA,1,"maybe",NA,NA,"clear","",NA,"A"
"36",36,"Setophaga townsendi","SRE08M09","5/8/2017","11:12:00 AM","Tofino",49.03604,-125.40433,48,"Conifer",60,"Douglas Fir (Pseudotsuga menziesii)",3,"6","15",NA,NA,"Natural","No",NA,1,"yes",NA,NA,"clear","","TOWA (SRE08M10) singing in distance",""
"37",37,"Setophaga townsendi","SRE08M10","5/8/2017","11:25:00 AM","Tofino",49.03728,-125.40386,64,"Conifer",60,"Sitka Spruce (Picea sitchensis)",2,"4","30",NA,"Chainsaw","Natural","No",NA,NA,"",1,NA,"","",NA,""
"38",38,"Setophaga townsendi","SRE08M11","5/8/2017","11:30:00 AM","Tofino",49.03739,-125.40326,40,"Conifer",80,"Sitka Spruce (Picea sitchensis)",2,"4","20","OCWA, YRWA",NA,"Natural","No",NA,1,"yes",NA,NA,"clear","","another TOWA in distance (possibly 2)",""
"39",39,"Setophaga townsendi","SRE08M12","5/8/2017","11:46:00 AM","Tofino",49.03839,-125.40096,50,"Conifer",NA,"Red Cedar (Thuga plicata)",3,"6","10","WIWA, HETH",NA,"Natural","Yes",NA,2,"yes (1,2)",NA,NA,"clear","","caught on 09 May 2017","A"
"40",40,"Setophaga townsendi","SRE09M01","5/9/2017","7:10:00 AM","Tofino",49.03802,-125.40212,38,"Conifer",40,"Sitka Spruce (Picea sitchensis)",NA,NA,"15",NA,NA,"Natural","Yes",NA,NA,"",1,NA,"","","1 of 3 TOWA nearby",""
"41",41,"Setophaga townsendi","SRE09M02","5/9/2017","7:48:00 AM","Tofino",49.03977,-125.39999,35,"Conifer",70,"Red Cedar (Thuga plicata)",3,"5","20","GCKI, PAWR","MJO","Natural","No",NA,1,"yes",NA,NA,"buzzy","","Bird was flying around his territory while singing a buzzy song",""
"42",42,"Setophaga townsendi","SRE09M03","5/9/2017","10:05:00 AM","Pacific Rim Park - Long Beach, Tofino",49.04237,-125.45282,7,"Conifer",40,"Sitka Spruce (Picea sitchensis)",3,"6","10","RECR","MJO","Natural","No","MJO",1,"yes",NA,NA,"clear","",NA,""
"43",43,"Setophaga townsendi","SRE09M04","5/9/2017","10:10:00 AM","Pacific Rim Park - Long Beach, Tofino",49.04242,-125.45254,17,"Hardwood",40,"Red Alder (Alnus rubra)",2,"6","30",NA,"traffic","Natural","No","MJO",NA,"",1,NA,"","","singing on a lone conifer (Douglas Fir) in a hardwood patch",""
"44",44,"Setophaga townsendi","SRE10M01","5/10/2017","5:50:00 AM","McIvor Lake Park, Campbell River",50.00884,-125.21947,205,"Conifer",60,"Douglas Fir (Pseudotsuga menziesii)",2,"6","15","YRWA, DEJU, CORA, WCSP",NA,"Natural","No",NA,NA,"",1,NA,"","",NA,""
"45",45,"Setophaga townsendi","SRE10M02","5/10/2017","6:35:00 AM","McIvor Lake Park, Campbell River",50.00995,-125.22396,189,"Conifer",60,"Douglas Fir (Pseudotsuga menziesii)",3,"6","15-35","CORA, DEJU, YRWA","Helicopter","Natural","No",NA,NA,"",1,NA,"","","3 TOWA chasing each other",""
"46",46,"Setophaga townsendi","SRE10M03","5/10/2017","6:43:00 AM","McIvor Lake Park, Campbell River",50.01108,-125.22588,214,"Conifer",80,"Western Hemlock (Tsuga heterophylla)",1,"1","5",NA,NA,"Natural","Yes",NA,1,"yes",4,NA,"clear","1,2,4",NA,"A"
"47",47,"Setophaga townsendi","SRE10M04","5/10/2017","7:35:00 AM","McIvor Lake Park, Campbell River",50.01106,-125.22727,190,"Conifer",70,"Douglas Fir (Pseudotsuga menziesii)",1,"4","20","SPTO",NA,"Natural","Yes","MJO",3,"yes (1,2,3)",1,NA,"clear","","lots of variability in song. Fighting with SRE10M05","A"
"48",48,"Setophaga townsendi","SRE10M05","5/10/2017","7:50:00 AM","McIvor Lake Park, Campbell River",50.01108,-125.227,196,"Conifer",70,"Douglas Fir (Pseudotsuga menziesii)",1,"4","20","MGWA",NA,"Natural","No",NA,2,"yes (1,2)",NA,NA,"clear","","Fighting with SRE10M04. Aggressive chips, odd song.",""
"49",49,"Setophaga townsendi","SRE10M06","5/10/2017","8:43:00 AM","McIvor Lake Park, Campbell River",50.00963,-125.2271,185,"Conifer",60,"Douglas Fir (Pseudotsuga menziesii)",1,"6","20","CORA, NWCR, DEJU, NRWS",NA,"Natural","No","EM",NA,"",1,NA,"","",NA,""
"50",50,"Setophaga townsendi","SRE10M07","5/10/2017","9:00:00 AM","McIvor Lake Park, Campbell River",50.01028,-125.22907,215,"Conifer",50,"Douglas Fir (Pseudotsuga menziesii)",2,"6",NA,"CORA, DEJU",NA,"Natural","No",NA,NA,"",1,NA,"","",NA,""
"51",51,"Setophaga townsendi","SRE10M08","5/10/2017","9:10:00 AM","McIvor Lake Park, Campbell River",50.00908,-125.23103,215,"Conifer",60,"Douglas Fir (Pseudotsuga menziesii)",3,"6","25","RBNU, HAFL",NA,"Natural","No",NA,2,"yes (1)",NA,NA,"clear","","another TOWA in distance",""
"52",52,"Setophaga townsendi","SRE10M09","5/10/2017","9:23:00 AM","McIvor Lake Park, Campbell River",50.00804,-125.23137,210,"Conifer",60,"Douglas Fir (Pseudotsuga menziesii)",2,"6","20","HAFL","squirrel","Natural","No",NA,NA,"",1,NA,"","","includes call notes",""
"53",53,"Setophaga townsendi","SRE10M10","5/10/2017","9:28:00 AM","McIvor Lake Park, Campbell River",50.00883,-125.2312,218,"Conifer",50,"Douglas Fir (Pseudotsuga menziesii)",2,"6","25","HAFL, DEJU, BAEA, CORA",NA,"Natural","No","MJO",1,"yes",NA,NA,"clear","","Bird was close then moved further away. Presumed to be TOWA in background of SRE10M08",""
"54",54,"Setophaga townsendi","SRE10M11","5/10/2017","9:40:00 AM","McIvor Lake Park, Campbell River",50.00889,-125.23068,217,"Conifer",50,"Douglas Fir (Pseudotsuga menziesii)",2,"6","30",NA,"Chainsaw","Natural","No",NA,NA,"",1,NA,"","","Clear song individual singing in the background",""
"55",55,"Setophaga townsendi","SRE10M12","5/10/2017","9:40:00 AM","McIvor Lake Park, Campbell River",50.00974,-125.022919,209,"Conifer",NA,"Douglas Fir (Pseudotsuga menziesii)",1,"5","15-25","HAWO, CORA",NA,"Natural","No",NA,NA,"",1,NA,"","",NA,""
"56",56,"Setophaga townsendi","SRE10M13","5/10/2017","10:30:00 AM","Campbell River",49.59889,-125.2277,194,"Conifer",NA,"Douglas Fir (Pseudotsuga menziesii)",2,"5","15","SOSP, AMRO, COYE, WAVI, SPTO, OCWA","Traffic","Natural","No",NA,1,"yes",NA,NA,"clear","","TOWA close then flew to further distance",""
"57",57,"Setophaga townsendi","SRE10M14","5/10/2017","10:54:00 AM","Forest Service Rd, Campbell River",49.59094,-125.25989,230,"Conifer",60,"Douglas Fir (Pseudotsuga menziesii)",3,"3","20","DEJU, MGWA, RUHU","Traffic","Natural","No",NA,1,"",NA,NA,"clear","","neighbors in background",""
"58",58,"Setophaga townsendi","SRE10M15","5/10/2017","11:05","Forest Service Rd, Campbell River",49.59086,-125.25982,221,"Conifer",80,"Douglas Fir (Pseudotsuga menziesii)",3,"1","5",NA,"Traffic","Natural","No","LM",1,"maybe (1)",NA,NA,"clear","","sang only in first few minutes",""
"59",59,"Setophaga townsendi","SRE10M16","5/10/2017","11:15:00 AM","Forest Service Rd, Campbell River",49.54077,-125.26024,235,"Conifer",NA,"Douglas Fir (Pseudotsuga menziesii)",3,"4","20",NA,"Traffic","Natural","No","LM",1,"maybe",NA,NA,"clear","",NA,""
"60",60,"Setophaga townsendi","SRE10M17","5/10/2017","11:12:00 AM","Campbell River",49.59077,-125.26162,230,"Conifer",NA,"Douglas Fir (Pseudotsuga menziesii)",2,"4","30","DEJU, MGWA","Traffic","Natural","No",NA,NA,"",1,NA,"","","Territory beside a clearcut. 1 distant TOWA",""
"61",61,"Setophaga townsendi","SRE17M03","5/17/2017","8:20","Silver Skagit Rd, Hope",49.18402,-121.24334,390,"Mixed Conifer and Hardwood",40,"Red Alder",3,"6","10","EVGR, NOFL, CAVI, WIWA, SOGR",NA,"Natural","N","MJO",3,"yes (1,2,3)",NA,NA,"b/c","","saw at least 2 males and 2 females, singing and feeding from an Alder. Probably a flock on migration?",""
"62",62,"Setophaga townsendi","SRE17M04","5/17/2017","8:48","Silver Skagit Rd, Hope",49.18208,-121.24028,378,"Mixed Conifer and Hardwood",50,"Red Cedar, Red Alder",2,"5","20","BTYW",NA,"Natural","N","MJO",1,"maybe",NA,NA,"clear","",NA,""
"63",63,"Setophaga townsendi","SRE17M05","5/17/2017","9:05","Silver Skagit Rd, Hope",49.17808,-121.23964,366,"Mixed Conifer and Hardwood",75,"Red Cedar",2,"4","15","AMRO, CAVI, WAVI, BTYW",NA,"Natural","N","MJO",1,"yes",NA,NA,"clear","",NA,""
"64",64,"Setophaga townsendi","SRE17M07","5/17/2017","9:55","Silver Skagit Rd, Hope",49.13017,-121.22979,494,"Conifer",80,"Red Cedar",3,"4","5","BTYW, PISI","River","Natural","N","MJO",1,"yes",NA,NA,"clear","",NA,""
"65",65,"Setophaga townsendi","SRE17M08","5/17/2017","10:17","Silver Skagit Rd, Hope",49.1288,-121.23312,534,"Conifer",60,"Douglas Fir, Red Cedar",2,"3","25","HAFL, BTYW","River, Plane","Natural","N","MJO",2,"yes (1,2)",NA,NA,"clear","",NA,""
"66",66,"Setophaga townsendi","SRE17M09","5/17/2017","10:35","Silver Skagit Rd, Hope",49.13085,-121.22465,461,"Conifer",80,"Douglas Fir",2,"4","15","PISI, YRWA, BTYW, HAFL",NA,"Natural","N","MJO",1,"yes",NA,NA,"clear","",NA,""
"67",67,"Setophaga townsendi","SRE18M01","5/18/2017","8:20","Sumallo FS Rd, Sunshine Valley",49.13567,-121.14081,884,"Conifer",90,"Douglas Fir",2,"2","10",NA,"River","Natural","N","MJO",1,"yes",NA,NA,"buzzy","","buzzy song",""
"68",68,"Setophaga townsendi","SRE18M02","5/18/2017","9:00","Sumallo FS Rd, Sunshine Valley",49.13325,-121.14121,906,"Conifer",NA,"Douglas Fir",3,"3","20",NA,"stream","Natural","Y","LIMM",1,"yes",NA,NA,"clear","","in open spot, dense trees around",""
"69",69,"Setophaga townsendi","SRE18M03","5/18/2017","9:15","Sumallo FS Rd, Sunshine Valley",49.13386,-121.14122,900,"Conifer",95,"Douglas Fir",3,"2","10","YRWA, SWTH","River","Natural","N","MJO",1,"yes",NA,NA,"clear","",NA,""
"70",70,"Setophaga townsendi","SRE18M04","5/18/2017","10:30","Sumallo FS Rd, Sunshine Valley",49.13877,-121.14006,901,"Conifer",70,"Douglas Fir",3,"2","15","PISI","River, wind","Natural","N",NA,1,"yes",NA,NA,"clear","",NA,""
"71",71,"Setophaga townsendi","SRE19M01","5/19/2017","6:10:00 AM","MCKINNEY FSR, BRIDESVILLE",49.05741,-119.07718,1124,"Conifer",50,"Western larch (Larix occidentalis)",2,"2","5","BCCH, PISI",NA,"Natural","No","MJO",2,"yes (2)",NA,NA,"clear","","FEMALE TOWA NEARBY; TRACK 660","A"
"72",72,"Setophaga townsendi","SRE19M02","5/19/2017","8:30:00 AM","FISH LAKE W. RD., BRIDESVILLE",49.07008,-119.09213,1199,"Conifer",70,"Douglas Fir (Pseudotsuga menziesii)",2,"2","10","BCCH","RIVER","Natural","Yes","MJO",2,"yes (1,2)",NA,NA,"clear","","OTHER SIDE OF ROAD IS CLEAR CUT; TRACK 1003",""
"73",73,"Setophaga townsendi","SRE19M03","5/19/2017","9:39:00 AM","FISH LAKE WEST RD,  BRIDESVILLE",49.0664,-119.08773,1142,"Conifer",40,"Douglas Fir (Pseudotsuga menziesii)",3,"3","10","BCCH, LISP, WAVI, DEJU","RIVER","Natural","No",NA,2,"yes(1,2)",NA,NA,"clear","",NA,""
"74",74,"Setophaga townsendi","SRE19M04","5/19/2017","10:40:00 AM","STANHOPE CREEK FSR, BRIDESVILLE",49.06775,-119.08651,1141,"Conifer",40,"Douglas Fir(Pseudotsuga menziesii), Western larch (Larix occidentalis)",2,"4","5","RBNU, HAFL, RCKI",NA,"Natural","Yes","LM",1,"yes",NA,NA,"clear","",NA,""
"75",75,"Setophaga townsendi","SRE20M01","5/20/2017","6:30:00 AM","STANDHOPE CR. FSR, BRIDESVILLE",49.07766,-119.08363,1145,"Conifer",40,"Western larch (Larix occidentalis)",2,"3","10","YRWA","RIVER","Natural","Yes","MJO",1,"yes",NA,NA,"clear","","FIGHTING WITH SRE20M02 OVER TERRITORY BOUNDARY",""
"76",76,"Setophaga townsendi","SRE20M02","5/20/2017","6:40:00 AM","STANDHOPE CR. FSR, BRIDESVILLE",49.07737,-119.08349,1142,"Conifer",40,"Western larch (Larix occidentalis)",2,"3","15","YRWA","RIVER","Natural","Yes","MJO",2,"yes (1)",NA,NA,"clear","","FIGHTING WITH SRE20M01 OVER TERRITORY BOUNDARY",""
"77",77,"Setophaga townsendi","SRE20M03","5/20/2017","8:30:00 AM","MT.BALDY SKI HILL RD, BRIDESVILLE",49.06222,-119.10276,1236,"Conifer",70,"Western larch (Larix occidentalis)",2,"1","20","TOSO, YRWA","STREAM, SQUIRRELS","Natural","No","LM",2,"yes (1,2)",NA,NA,"clear","","RECORDER SAYS FISH LAKE ROAD and 8:20 TIME",""
"78",78,"Setophaga townsendi","SRE20M04","5/20/2017","8:46:00 AM","MT.BALDY SKI HILL RD, BRIDESVILLE",49.06568,-119.10815,1289,"Conifer",50,"Douglas Fir (Pseudotsuga menziesii), Western larch (Larix occidentalis)",3,"2","10",NA,"STREAM","Natural","No","MJO",1,"yes",11,NA,"clear","1,5,9",NA,""
"79",79,"Setophaga townsendi","SRE20M05","5/20/2017","10:00:00 AM","MT.BALDY SKI HILL RD, BRIDESVILLE",49.06913,-119.11899,1355,"Conifer",70,"Douglas Fir (Pseudotsuga menziesii), Western larch (Larix occidentalis)",3,"5","15","RBNU, RCKI","squirrel","Natural","No","MJO",1,"yes",NA,NA,"clear","",NA,""
"80",80,"Setophaga townsendi","SRE21M01","5/21/2017","5:18:00 AM","Merry Creek FSR, Castlegar",49.17556,-117.40791,795,"Conifer",80,"Red Cedar (Thuga plicata)",3,"2","15",NA,"squirrels","Natural","No","LM",2,"yes (1,2)",18,4,"b/c","7,4,15","Another TOWA nearby, responding to one another. Recording says Grand Forks, but actually in Castlegar",""
"81",81,"Setophaga townsendi","SRE21M02","5/21/2017","6:20:00 AM","Merry Creek Trail, Castlegar",49.17885,-117.41004,812,"Conifer",95,"Western Hemlock (Tsuga heterophylla)",2,"1","20",NA,"squirrel, stream","Natural","Yes","MJO",2,"yes (1,2)",16,NA,"buzzy","14,10,2",NA,""
"82",82,"Setophaga townsendi","SRE21M03","5/21/2017","7:30:00 AM","Merry Creek Trail, Castlegar",49.18042,-117.41127,809,"Conifer",80,"Red Cedar (Thuga plicata), Western Hemlock (Tsuga heterophylla)",3,"3","5","MGWA, PAWR","squirrel, stream","Natural","Yes","MJO",3,"yes (1,2,3)",6,NA,"clear","6,5,2",NA,""
"83",83,"Setophaga townsendi","SRE21M04","5/21/2017","8:20:00 AM","Big Cedar Trail, Castlegar",49.18245,-117.41236,827,"Conifer",90,"Western Hemlock (Tsuga heterophylla)",3,"3","10",NA,NA,"Natural","Yes","MJO",2,"yes (1,2)",20,NA,"clear","8,15,14","1st rec: short recording, no notes spoken in recording. 2nd: taken after banding",""
"84",84,"Setophaga townsendi","SRE21M05","5/21/2017","10:20:00 AM","Big Cedar Trail, Castlegar",49.18449,-117.41321,844,"Conifer",85,"Red Cedar (Thuga plicata), Western Hemlock (Tsuga heterophylla)",3,"3","20-May","PAWR, GCKI",NA,"Natural","No","LM",1,"yes",24,NA,"clear","17,5,4",NA,""
"85",85,"Setophaga townsendi","SRE21M06","5/21/2017","10:40:00 AM","Big Cedar Trail, Castlegar",49.18159,-117.41191,824,"Conifer",80,"Red Cedar (Thuga plicata), Western Hemlock (Tsuga heterophylla)",2,"4","10",NA,NA,"Natural","No","LM",1,"yes",16,NA,"clear","15,16,14",NA,""
"86",86,"Setophaga townsendi","SRE22M01","5/22/2017","7:50:00 AM","Clearwater Creek FS rd, Nelson",49.23404,-117.10565,1101,"Conifer",100,"Red Cedar (Thuga plicata)",2,"3","25","PISI","river","Natural","Yes","MJO",3,"yes (1,2,3)",12,NA,"clear","7,1,5","Very dense forest",""
"87",87,"Setophaga townsendi","SRE22M02","5/22/2017","8:55:00 AM","Clearwater Creek FS rd, Nelson",49.23482,-117.10847,1068,"Conifer",90,"Red Cedar (Thuga plicata)",2,"3","10",NA,NA,"Natural","No","MJO",1,"yes",7,NA,"clear","5,2,4","
","A"
"88",88,"Setophaga townsendi","SRE22M03","5/22/2017","10:05:00 AM","Clearwater Creek FS rd, Nelson",49.24211,-117.1216,964,"Conifer",50,"Red Cedar (Thuga plicata)",2,"4","15","PAWR","traffic","Natural","No","LM",1,"yes",22,NA,"clear","11,12,1",NA,"A"
"89",89,"Setophaga townsendi","SRE22M04","5/22/2017","10:40:00 AM","Giveout Creek Rd, Nelson",49.26426,-117.16026,971,"Conifer",NA,"Red Cedar (Thuga plicata), Western Hemlock (Tsuga heterophylla)",NA,NA,"15",NA,"stream","Natural","No","LM",1,"yes",21,NA,"clear","10,2,19","thick growth of young trees, unable to get into forest","A"
"90",90,"Setophaga townsendi","SRE24M01","5/24/2017","7:15:00 AM","Fassifern FSR, Cranbrook",49.29641,-115.51924,1204,"Mixed Conifer/Hardwood",70,"Sitka Spruce (Picea sitchensis)",3,"6","15","RCKI","wind, stream","Natural","Yes","MJO",1,"yes",NA,NA,"clear","",NA,""
"91",91,"Setophaga townsendi","SRE24M02","5/24/2017","8:00:00 AM","Fassifern FSR, Cranbrook",49.30633,-115.52233,1305,"Conifer",60,"Douglas Fir (Pseudotsuga menziesii)",1,"3","15","PAWR","wind, cracking of trees","Natural","No","LM",3,"yes (1,2,3)",NA,NA,"clear","","infrequent singing. When banding, 2 more TOWA seen, fighting with SRE24M02",""
"92",92,"Setophaga townsendi","SRE24M03","5/24/2017","9:35:00 AM","Fassifern FSR, Cranbrook",49.30689,-115.53188,1405,"Conifer",60,"Douglas Fir (Pseudotsuga menziesii)",2,"5","10","DEJU, RCKI, WETA","Squirrel","Natural","No","MJO",2,"yes (1,2)",NA,NA,"clear","","female nearby, foraging low. song and call notes",""
"93",93,"Setophaga townsendi","SRE25M01","5/24/2017","6:04:00 AM","Fassifern FSR, Cranbrook",49.30341,-115.52407,1325,"Conifer",75,"Douglas Fir (Pseudotsuga menziesii)",2,"3","10","RCKI, HETH",NA,"Natural","Yes","MJO",1,"yes",NA,NA,"clear","",NA,""
"94",94,"Setophaga townsendi","SRE25M02","5/25/2017","8:10","Fassifern FSR, Cranbrook",49.30617,-115.53137,1408,"Conifer",40,"Douglas Fir",3,"3, 5","10",NA,NA,"Natural","N","MJO",2,"yes (1,2)",NA,NA,"b/c","","buzzy and clear songs",""
"95",95,"Setophaga townsendi","SRE25M03","5/25/2017","9:10","Fassifern FSR, Cranbrook",49.30445,-115.5313,1394,"Conifer",70,"Douglas Fir",2,"3","15","PAWR","stream","Natural","N","MJO",2,"yes (1,2)",NA,NA,"clear","",NA,""
"96",96,"Setophaga townsendi","SRE25M04","5/25/2017","9:30","Fassifern FSR, Cranbrook",49.30293,-115.52335,1320,"Conifer",60,"Western Larch",2,"5","10","CORA, WETA, RCKI",NA,"Natural","Y","MJO",1,"yes",NA,NA,"clear","","can hear SRE25M01 in distance",""
"97",97,"Setophaga townsendi","SRE26M01","5/26/2017","6:30","Wilson Lake FSR, Nakusp",50.14649,-117.40967,1043,"Conifer",95,"Western Hemlock",2,"2","15","GCKI",NA,"Natural","N","MJO",1,"yes",20,NA,"clear","9,15,16",NA,""
"98",98,"Setophaga townsendi","SRE26M02","5/26/2017","7:05","Wilson Lake FSR, Nakusp",50.14471,-117.40514,1009,"Conifer",90,"Western Hemlock",2,"5","15","PISI",NA,"Natural","Y","MJO",1,"yes",12,NA,"clear","11,12,6",NA,""
"99",99,"Setophaga townsendi","SRE26M03","5/26/2017","8:00","Wilson Lake FSR, Nakusp",50.14527,-117.40265,1008,"Conifer",80,"Western Hemlock",2,"3","20","VATH, CAVI","stream","Natural","Y","MJO",2,"yes (1,2)",7,NA,"clear","3,9,8",NA,""
"100",100,"Setophaga townsendi","SRE26M04","5/26/2017","9:00","Wilson Lake FSR, Nakusp",50.14435,-117.40021,1015,"Conifer",NA,"Western Hemlock",2,"2","30","CAVI, YEWA","stream","Natural","Y","MJO",3,"yes (3)",20,NA,"clear","20,3,15",NA,""
"101",101,"Setophaga townsendi","SRE26M05","5/26/2017","10:00","Wilson Lake FSR, Nakusp",50.14692,-117.39783,1030,"Conifer",NA,"Red Cedar",2,"3","15",NA,"creek","Natural","Y","MJO",1,"maybe",4,NA,"clear","4,3,1",NA,""
"102",102,"Setophaga townsendi","SRE28M01","5/28/2017","7:00","Spahats FSR, Clearwater",51.04592,-119.59881,858,"Conifer",80,"Red Cedar",3,"5","15",NA,NA,"Natural","Y","MJO",2,"yes (1,2)",6,NA,"clear","5,2,4",NA,""
"103",103,"Setophaga townsendi","SRE28M02","5/28/2017","8:00","Spahats FSR, Clearwater",51.44361,-119.59263,NA,"Conifer",85,"Red Cedar",3,"5","15",NA,NA,"Natural","Y","LIMM",1,"yes",9,NA,"clear","1,9,7",NA,""
"104",104,"Setophaga townsendi","SRE28M03","5/28/2017","8:15","Spahats FSR, Clearwater",51.44339,-119.59149,932,"Conifer",85,"Red Cedar",3,"5","15",NA,NA,"Natural","Y","LIMM",1,"yes",10,NA,"clear","9,8,2",NA,""
"105",105,"Setophaga townsendi","SRE28M04","5/28/2017","9:20","Spahats FSR, Clearwater",51.44351,-119.5886,963,"Conifer",95,"Western Hemlock",3,"5","10","WAVI, GCKI","stream","Natural","Y","MJO",1,"yes",1,13,"buzzy","",NA,""
"106",106,"Setophaga townsendi","SRE28M05","5/28/2017","10:50","Trophy Mtn FSR, Clearwater",51.44564,-119.57258,1217,"Conifer",NA,"Douglas Fir",1,"2",">20",NA,NA,"Natural","N","LIMM",NA,"no",1,NA,"","","dense stand of poles.",""
"107",107,"Setophaga townsendi","SRE29M01","5/29/2017","5:25","Spahats FSR, Clearwater",51.44244,-119.58031,1067,"Mixed Conifer and Hardwood",NA,"Western Hemlock",2,NA,"20",NA,"river","Natural","N","LIMM",1,"yes",14,NA,"clear","9,10,6",NA,""
"108",108,"Setophaga townsendi","SRE29M02","5/29/2017","5:38","Spahats FSR, Clearwater",51.44262,-119.57941,1095,"Conifer",90,"Douglas Fir, Red Cedar",2,"5","15","STJA","river","Natural","N","LIMM",1,"yes",7,NA,"clear","6,4,1",NA,""
"109",109,"Setophaga townsendi","SRE29M03","5/29/2017","5:55","Spahats FSR, Clearwater",51.44304,-119.57791,1107,"Conifer",NA,"Douglas Fir",3,NA,"30","WETA, PAWR","squirrel","Natural","N","MJO",1,"yes",8,14,"b/c","6,5,2","clear and buzzy songs. A lot of TOWA individuals in area singing buzzy song, maybe still establishing territories? Up to 6 individuals ",""
"110",110,"Setophaga townsendi","SRE29M04","5/29/2017","6:05","Spahats FSR, Clearwater",51.44375,-119.57705,1133,"Conifer",NA,"Red Cedar",3,NA,"20","OCWA, WIWA, WETA",NA,"Natural","N","MJO",2,"yes (2)",1,8,"buzzy","","Other TOWA individuals in area, singing buzzy song and moving a lot. Maybe still establishing territory",""
"111",111,"Setophaga townsendi","SRE29M05","5/29/2017","7:15","Trophy Mtn FSR, Clearwater",51.45175,-119.5873,1331,"Conifer",80,"Douglas Fir",2,"4","10",NA,NA,"Natural","Y",NA,1,"yes",6,NA,"clear","2,6,5","very dense stand of lots of dead trees",""
"112",112,"Setophaga townsendi","SRE29M06","5/29/2017","8:35","Trophy Mtn FSR, Clearwater",51.45557,-119.58678,1360,"Conifer",80,"Engelmann's Spruce (Picea engelmanii)",2,"5","15",NA,NA,"Natural","N","LIMM",1,"yes",4,NA,"clear","2,3,4","mostly standing dead trees",""
"113",113,"Setophaga townsendi","SRE29M07","5/29/2017","8:43","Trophy Mtn FSR, Clearwater",51.45572,-119.5865,1365,"Conifer",70,"Engelmann's Spruce (Picea engelmanii)",2,"5","20",NA,NA,"Natural","N","LIMM",2,"no",8,NA,"clear","7,5,6",NA,""
"114",114,"Setophaga townsendi","SRE29M08","5/29/2017","8:55","Trophy Mtn FSR, Clearwater",51.45678,-119.5857,1382,"Conifer",70,"Engelmann's Spruce (Picea engelmanii)",3,"6","15",NA,"none","Natural","N","MJO",2,"maybe (1,2)",14,2,"buzzy","14,2,7","buzzy and clear songs",""
"115",115,"Setophaga townsendi","SRE29M09","5/29/2017","9:25","Trophy Mtn FSR, Clearwater",51.4582,-119.58526,1401,"Conifer",NA,"Douglas Fir",2,"6","20","WAVI, TOSO",NA,"Natural","N","MJO",2,"maybe (1,2)",22,NA,"clear","4,15,6","buzzy and clear songs",""
"116",116,"Setophaga townsendi","SRE30M01","5/30/2017","6:10","Canoe Lake FSR, Valemount",NA,-119.02599,802,"Conifer",80,"Douglar Fir, Lodgepole Pin",2,"2","10",NA,NA,"Natural","Y","MJO",1,"yes",NA,NA,"clear","",NA,""
"117",117,"Setophaga townsendi","SRE30M02","5/30/2017","6:37","Canoe Lake FSR, Valemount",52.41697,-119.02459,818,"Mixed Conifer and Hardwood",70,"Douglas Fir, Paper Birch",2,"5","10",NA,NA,"Natural","N","MJO",1,"yes",NA,NA,"clear","",NA,""
"118",118,"Setophaga townsendi","SRE30M03","5/30/2017","8:15","Yellow Jacket FSR, Valemount",52.42233,-119.02565,842,"Conifer",80,"Lodgepole Pine",2,"6","10","OCWA, WIWA",NA,"Natural","Y","MJO",2,"yes (1,2)",NA,NA,"clear","",NA,""
"119",119,"Setophaga townsendi","SRE31M01","5/31/2017","5:00","Yellow Jacket Rec Site, Valemount",NA,NA,NA,"Conifer",65,"Lodgepole Pine",3,"2","10","VATH, SWTH","creek","Natural","Y","MJO",1,"yes",NA,NA,"clear","",NA,""
"120",120,"Setophaga townsendi","SRE31M02","5/31/2017","7:30","Dave Henry Hill, Valemount",52.45713,-119.0399,1135,"Conifer",60,"Red Cedar",3,"6","5","PAWR, WAVI","stream","Natural","N","MJO",3,"yes (1,2,3)",NA,NA,"b/c","",NA,""
"121",121,"Setophaga townsendi","SRE31M03","5/31/2017","7:50","Dave Henry Hill, Valemount",52.45745,-119.03788,1141,"Conifer",NA,"Lodgepole Pine",3,"6","30","HETH",NA,"Natural","N","MJO",NA,"",1,NA,"","",NA,""
"122",122,"Setophaga townsendi","SRF02M02","6/02/20117","9:15","Mount Pope Trail, Fort St James",54.28378,-124.18528,788,"Conifer",60,"Douglar Fir",3,"5","20","SWTH, RBSA",NA,"Natural","N","MJO",1,"yes",NA,NA,"clear","",NA,"A"
"123",123,"Setophaga townsendi","SRF05M01","6/5/2017","6:40","Battleship FSR, Fort St. James",54.32433,-124.22754,835,"Conifer",60,"Lodgepole Pine",2,"3","10",NA,NA,"Natural","N","MJO",1,"yes",NA,NA,"clear","","no voice information in the recording",""
"124",124,"Setophaga townsendi","SRF05M02","6/5/2017","8:00","Battleship FSR, Fort St. James",54.31653,-124.23554,791,"Conifer",60,"Douglas Fir",4,"4","5","WAVI",NA,"Natural","N","MJO",1,"yes",NA,NA,"clear","",NA,"A"
"125",125,"Setophaga townsendi","SRF06M01","6/6/2017","5:45","Holy Cross- Francois Lake FSR, Fraser Lake",53.58278,-125.04225,817,"Conifer",30,"Douglas Fir",4,"6","15","AMRO",NA,"Natural","Y","MJO",1,"no",NA,NA,NA,"","only a few buzzy songs. Lots of riparian plants and a seep beneath the scattered firs.",""
"126",126,"Setophaga townsendi","SRF06M02","6/6/2017","6:40","Holy Cross- Francois Lake FSR, Fraser Lake",53.58155,-125.04192,824,"Conifer",60,"Hybrid Spruce",4,"6","20","MAWA",NA,"Natural","N","MJO",2,"yes (1,2)",17,NA,"b/c","2,16,14","mostly buzzy song with some clear",""
"127",127,"Setophaga townsendi","SRF06M03","6/6/2017","7:50","Francois Lake FSR, Fraser Lake",53.56877,-125.05649,1039,"Conifer",60,"Lodgepole Pine",4,"5","7",NA,"Traffic/ stream","Natural","Y","LIMM",1,"yes",15,NA,"clear","3,10,1","Young trees were predominately deciduous",""
"128",128,"Setophaga townsendi","SRF06M04","6/6/2017","9:20","Francois Lake FSR, Fraser Lake",53.56748,-125.1156,1092,"Conifer",70,"Hybrid Spruce",4,"4","15","YRWA","mosquitoes","Natural","N","LIMM",1,"maybe",6,NA,"clear","6,5,1","lots of dead trees (standing and fallen)",""
"129",129,"Setophaga townsendi","SRF06M05","6/6/2017","10:30","PG Wood FSR, Fraser Lake",53.56987,-125.11559,992,"Conifer",60,"Hybrid Spruce",3,"5","10","CHSP, OCWA, SWTH",NA,"Natural","Y","MJO",1,"maybe",1,10,"buzzy","","buzzy and clear songs",""
"130",130,"Setophaga townsendi","SRF06M06","6/6/2017","10:30","PG Wood FSR, Fraser Lake",53.56135,-125.11407,1006,"Mixed Conifer and Hardwood",50,"Hybrid Spruce",3,"4","5",NA,"squirrel","Natural","N","MJO",2,"yes",NA,NA,"b/c","","buzzy and clear songs",""
"131",131,"Setophaga townsendi","SRF07M01","6/7/2017","5:30","Logging road South of Borel Lake, Fraser Lake",53.55145,-125.04364,1090,"Conifer",NA,"Hybrid Spruce",3,"6","10",NA,NA,"Natural","Y","MJO",1,"yes",NA,NA,"clear","","Lots of dead limbs on trees. Seen singing from a deciduous tree.",""
"132",132,"Setophaga townsendi","SRF07M02","6/7/2017","5:40","Logging road South of Borel Lake, Fraser Lake",53.55073,-125.0468,1099,"Conifer",NA,"Douglas Fir",4,"6","20",NA,NA,"Natural","Y","MJO",1,"yes",NA,NA,"clear","","Fir stand edged by thick deciduous patch. Singing from snags and live trees",""
"133",133,"Setophaga townsendi","SRF07M03","6/7/2017","6:05","Logging road South of Borel Lake, Fraser Lake",53.55064,-125.04807,1100,"Conifer",NA,"Douglas Fir",3,"6","30",NA,NA,"Natural","Y","MJO",2,"yes",NA,NA,"buzzy","","buzzy song",""
"134",134,"Setophaga townsendi","SRF07M04","6/7/2017","8:30","Logging road South of Borel Lake, Fraser Lake",53.55028,-125.05039,1093,"Conifer",60,"Hybrid Spruce",2,"6","15",NA,"men yelling","Natural","N","LIMM",NA,"",1,NA,"","","understory of young trees, Mostly deciduous. 2 TOWA singing to each other, both approximately 15m away from recorder, one to the left, one to the right. Sounded like left bird singing first, then right bird answering. Right TOWA flew 30m away (approx) midway through recording, then came back. Near the end of the recording is mostly the left TOWA. Left TOWA flew further away some time after right TOWA had, then came back",""
"135",135,"Setophaga townsendi","SRF07M05","6/7/2017","8:30","Logging road South of Borel Lake, Fraser Lake",53.5503,-125.05037,1097,"Conifer",60,"Hybrid Spruce",2,"6","15",NA,"men yelling","Natural","N","LIMM",NA,"",1,NA,"","","understory of young trees, Mostly deciduous. 2 TOWA singing to each other, both approximately 15m away from recorder, one to the left, one to the right. Sounded like left bird singing first, then right bird answering. Right TOWA flew 30m away (approx) midway through recording, then came back. Near the end of the recording is mostly the left TOWA. Left TOWA flew further away some time after right TOWA had, then came back",""
"136",136,"Setophaga townsendi","SRF07M06","6/7/2017","9:00","Logging road South of Borel Lake, Fraser Lake",53.54995,-125.05129,1077,"Conifer",85,"Hybrid Spruce",4,"6","15","WAVI, RCKI",NA,"Natural","N","MJO",1,"maybe",NA,NA,"buzzy","",NA,""
"137",137,"Setophaga townsendi","SRF08M01","6/8/2017","5:15","Hidden Lake FSR, Houston",54.29764,-126.39777,1074,"Conifer",80,"Hybrid Spruce",3,"1","10",NA,NA,"Natural","N","LIMM",2,"yes (1,2)",NA,NA,"buzzy","","first part of recording may be SRF08M02",""
"138",138,"Setophaga townsendi","SRF08M02","6/8/2017","5:20","Hidden Lake FSR, Houston",54.29731,-126.39824,1078,"Conifer",80,"Hybrid Spruce",3,"1","10",NA,NA,"Natural","N","LIMM",1,"maybe",NA,NA,"buzzy","",NA,""
"139",139,"Setophaga townsendi","SRF08M03","6/8/2017","6:30","Hidden Lake FSR, Houston",54.30189,-126.39362,1092,"Conifer",80,"Hybrid Spruce",3,"2","10-May","AMRO, RCKI, SWTH",NA,"Natural","Y","MJO",3,"yes (1,2)",1,22,"buzzy","","SRF08M04 singing in background. Female nearby. Buzzy song",""
"140",140,"Setophaga townsendi","SRF08M04","6/8/2017","6:40","Hidden Lake FSR, Houston",54.30205,-126.39321,1095,"Conifer",80,"Hybrid Spruce",3,"2","15","RCKI, SWTH",NA,"Natural","Y","MJO",1,"yes",NA,NA,"buzzy","","buzzy song, SRF08M03 singing in background. Female nearby",""
"141",141,"Setophaga townsendi","SRF08M05","6/8/2017","8:50","Hidden Lake FSR, Houston",54.31462,-126.40271,1080,"Conifer",70,"Hybrid Spruce",2,"3","15",NA,"stream","Natural","N","LIMM",1,"maybe",NA,NA,"clear","","few clear songs and call ntoes",""
"142",142,"Setophaga townsendi","SRF08M06","6/8/2017","9:15","Hidden Lake FSR, Houston",54.31742,-126.39866,1081,"Conifer",50,"Hybrid Spruce",3,"2","20-Oct",NA,"squirrel","Natural","N","LIMM",2,"yes (1*, 2)",NA,NA,"buzzy","","flying around territory. Moving a lot",""
"143",143,"Setophaga townsendi","SRF08M07","6/8/2017","9:34","Hidden Lake FSR, Houston",54.31702,-126.39874,1086,"Conifer",50,"Hybrid Spruce",3,"4","15","RCKI",NA,"Natural","N","MJO",NA,"",1,NA,"","","few clear songs",""
"144",144,"Setophaga townsendi","SRF08M08","6/8/2017","10:00","Hidden Lake FSR, Houston",54.31903,-126.40416,1132,"Conifer",70,"Hybrid Spruce",4,"3","10","VATH",NA,"Natural","N","MJO",1,"yes",NA,NA,"clear","",NA,"A"
"145",145,"Setophaga townsendi","SRF08M09","6/8/2017","10:10","Hidden Lake FSR, Houston",54.31908,-126.4054,1131,"Conifer",50,"Hybrid Spruce",2,"5","20",NA,NA,"Natural","N","LIMM",1,"yes",NA,NA,"clear","",NA,""
"146",146,"Setophaga townsendi","SRF08M10","6/8/2017","10:55","Hidden Lake FSR, Houston",54.30267,-126.3934,1092,"Conifer",NA,"Hybrid Spruce",3,NA,"10-May","SWTH",NA,"Natural","N","LIMM",1,"yes",NA,NA,"clear","",NA,""
"147",147,"Setophaga townsendi","SRF10M01","6/10/2017","5:20","Butze Rapids Trail, Prince Rupert",54.18387,-130.16069,62,"Conifer",90,"Western Hemlock, Red Cedar, Sitka Spruce",3,"6","10","WETA","Construction","Natural","N","MJO",1,"maybe",NA,NA,"buzzy","","buzzy song",""
"148",148,"Setophaga townsendi","SRF10M02","6/10/2017","5:25","Butze Rapids Trail, Prince Rupert",54.18341,-130.16066,64,"Conifer",90,"Western Hemlock, Red Cedar, Sitka Spruce",3,"6","15","AMRO, CAVI","traffic","Natural","Y","MJO",2,"maybe (1,2)",NA,NA,"b/c","","buzzy and clear songs","A"
"149",149,"Setophaga townsendi","SRF10M03","6/10/2017","7:00","Butze Rapids Trail, Prince Rupert",54.1796,-130.15933,59,"Conifer",75,"Western Hemlock",5,"6","30","PSFL, RBSA","construction","Natural","N","MJO",1,"yes",NA,NA,"clear","",NA,"A"
"150",150,"Setophaga townsendi","SRF10M04","6/10/2017","7:26","Butze Rapids Trail, Prince Rupert",54.17943,-130.1589,48,"Conifer",70,"Western Hemlock, Sitka Spruce",4,"6","20","PSFL","stream","Natural","Y","MJO",2,"yes (1,2)",NA,NA,"clear","",NA,"A"
"151",151,"Setophaga townsendi","SRF10M05","6/10/2017","8:29","Butze Rapids Trail, Prince Rupert",54.18072,-130.15157,40,"Conifer",70,"Western Hemlock, Red Cedar",3,"6","20-25",NA,"Construction","Natural","Y","MJO",2,"maybe (1,2)",NA,NA,"b/c","",NA,"A"
"152",152,"Setophaga townsendi","SRF10M06","6/10/2017","9:15","Butze Rapids Trail, Prince Rupert",54.17979,-130.14926,22,"Conifer",NA,"Western Hemlock, Red Cedar",3,"6","20",NA,NA,"Natural","Y","LIMM",1,"yes",NA,NA,"clear","",NA,"A"
"153",153,"Setophaga townsendi","SRF10M07","6/10/2017","10:00","Butze Rapids Trail, Prince Rupert",54.17842,-130.15225,8,"Conifer",80,"Western Hemlock",3,"6","20-25",NA,"bluetooth speaker connectin","Natural","Y","LIMM",NA,"",1,NA,"","","weird song. SRF10M08 in distance moves closer near end of recording, SRF10M07 no longer heard. ",""
"154",154,"Setophaga townsendi","SRF10M08","6/10/2017","10:00","Butze Rapids Trail, Prince Rupert",54.17841,-130.15228,8,"Conifer",80,"Western Hemlock",3,"6","15-30",NA,"bluetooth speaker connectin","Natural","N","LIMM",NA,"",1,NA,"","","in distance for most of recording; near the end of recording, the only one singing",""
"155",155,"Setophaga townsendi","SRF10M09","6/10/2017","11:20","Butze Rapids Trail, Prince Rupert",54.17903,-130.15884,38,"Conifer",65,"Western Hemlock",4,"6","10",NA,"Construction","Natural","N","LIMM",NA,"",1,NA,"","",NA,"A"
"156",156,"Setophaga townsendi","SRF11M01","6/11/2017","6:24","Tall Trees Trail, Prince Rupert",54.18082,-130.16178,82,"Conifer",80,"Western Hemlock",3,"4","10",NA,"Construction","Natural","Y","MJO",1,"yes",NA,NA,"clear","","another TOWA singing buzzy song in distance","A"
"157",157,"Setophaga townsendi","SRF11M02","6/11/2017","8:17","Tall Trees Trail, Prince Rupert",54.1795,-130.16495,120,"Conifer",80,"Western Hemlock, Red Cedar, Sitka Spruce",3,"6","10","PSFL, BAEA","traffic","Natural","Y","MJO",1,"yes",NA,NA,"b/c","","closer then moved more distant",""
"158",158,"Setophaga townsendi","SRF11M03","6/11/2017","9:20","Tall Trees Trail, Prince Rupert",54.1793,-130.16544,138,"Conifer",80,"Western Hemlock, Red Cedar, Sitka Spruce",4,"6","40",NA,"people","Natural","Y","MJO",1,"yes",NA,NA,"clear","",NA,"A"
"159",159,"Setophaga townsendi","SRF12M01","6/12/2017","7:30","Hwy 113, Terrace",54.39915,-128.42963,170,"Conifer",98,"Western Hemlock",3,"2","10","CAVI","traffic","Natural","Y","MJO",1,"yes",NA,NA,"buzzy","","buzzy songs",""
"160",160,"Setophaga townsendi","SRF12M02","6/12/2017","9:10","Lost Lake FSR, Terrace",54.36531,-128.38077,223,"Conifer",70,"Western Hemlock",5,"2","15","CBCH, WETA",NA,"Natural","Y","MJO",1,"yes",NA,NA,"clear","",NA,""
"161",161,"Setophaga townsendi","SRF12M03","6/12/2017","9:40","Lost Lake FSR, Terrace",54.36578,-128.37719,225,"Conifer",80,"Western Hemlock",4,"2","25-Oct",NA,NA,"Natural","N","MJO",2,"yes (1,2)",NA,NA,"b/c","","""toWA 3' in rec. no voice information at end of recording",""
"162",162,"Setophaga townsendi","SRF12M04","6/12/2017","9:55","Lost Lake FSR, Terrace",54.36618,-128.37644,215,"Conifer",80,"Western Hemlock",4,"5","15-25",NA,NA,"Natural","Y","MJO",2,"yes (1,2)",NA,NA,"b/c","","towa 4 in rec",""
"163",163,"Setophaga townsendi","SRF12M05","6/12/2017","10:50","Lost Lake FSR, Terrace",54.3699,-128.3772,272,"Conifer",90,"Red Cedar",3,"3","10",NA,"car door","Natural","N","MJO",1,"yes",NA,NA,"buzzy","",NA,""
"164",164,"Setophaga townsendi","SRF13M01","6/13/2017","5:55","Pine Lake Trail, Terrace",5436.667,-128.43455,244,"Conifer",98,"Pacific Silver Fir",5,"2","15","WETA",NA,"Natural","Y","MJO",2,"maybe (1)",NA,NA,"clear","",NA,""
"165",165,"Setophaga townsendi","SRF13M02","6/13/2017","7:00","Pine Lake Trail, Terrace",54.36768,-128.4348,254,"Conifer",90,"Pacific Silver Fir",4,"2","25-Oct","RECR, RBNU","mosquitoes","Natural","N","MJO",3,"yes (1,3)",NA,NA,"b/c","","SRF13M03 heard in background. Buzzy and clear songs",""
"166",166,"Setophaga townsendi","SRF13M03","6/13/2017","7:25","Pine Lake Trail, Terrace",54.36855,-128.43487,259,"Conifer",95,"Pacific Silver Fir",4,"2","25",NA,NA,"Natural","Y","MJO",1,"yes",NA,NA,"clear","","buzzy and clear songs",""
"167",167,"Setophaga townsendi","SRF13M04","6/13/2017","7:55","Pine Lake Trail, Terrace",54.36991,-128.43517,266,"Conifer",80,"Pacific Silver Fir",2,"2","20-Oct",NA,NA,"Natural","Y","LIMM",1,"yes",NA,NA,"clear","",NA,""
"168",168,"Setophaga townsendi","SRF14M01","6/14/2017","6:24","Wedeene FSR, Kitimat",54.14523,-128.40274,154,"Conifer",95,"Pacific Silver Fir",4,"4","10","PSFL, BCCH","stream","Natural","Y","MJO",1,"yes",NA,NA,"clear","",NA,""
"169",169,"Setophaga townsendi","SRF14M02","6/14/2017","7:15","Wedeene FSR, Kitimat",54.15572,-128.3933,215,"Conifer",98,"Sitka Spruce",4,"2","5","YRWA",NA,"Natural","Y","MJO",1,"yes",NA,NA,"buzzy","",NA,""
"170",170,"Setophaga townsendi","SRF14M03","6/14/2017","8:00","Wedeene FSR, Kitimat",54.15721,-128.3938,201,"Conifer",95,"Western Hemlock, Sitka Spruce",2,"1","20-May",NA,NA,"Natural","Y","LIMM",1,"yes",NA,NA,"b/c","",NA,"A"
"171",171,"Setophaga townsendi","SRF14M04","6/14/2017","8:45","Wedeene FSR, Kitimat",54.16348,-128.39294,198,"Conifer",90,"Western Hemlock, Sitka Spruce",2,"1","20-May",NA,NA,"Natural","Y","LIMM",1,"maybe",NA,NA,"clear","","Dramatic shift in forest (within 2-6m) from where the recording was started and ended, from 90% cover sitka spruce to 60% cover W hemlock ",""
"172",172,"Setophaga townsendi","SRF14M05","6/14/2017","9:45","Wedeene FSR, Kitimat",54.16901,-129.3882,195,"Conifer",98,"Pacific Silver Fir",4,"2","10",NA,"stream","Natural","N","MJO",1,"yes",NA,NA,"clear","","weird song, neighbor TOWA nearby",""
"173",173,"Setophaga townsendi","SRF14M06","6/14/2017","10:40","Wedeene FSR, Kitimat",54.16941,-128.36215,199,"Conifer",95,"Western Hemlock",2,"1","10","YRWA",NA,"Natural","N","MJO",1,"yes",NA,NA,"clear","",NA,""
"174",174,"Setophaga townsendi","SRF16M01","6/16/2017","6:24","Mitten FSR, Gitanyow",55.38758,-128.27935,575,"Conifer",80,"Western Hemlock",3,"2","15",NA,"wind","Natural","N","MJO",1,"maybe",NA,NA,"buzzy","","SRF16M02 in background",""
"175",175,"Setophaga townsendi","SRF16M02","6/16/2017","6:48","Mitten FSR, Gitanyow",55.38743,-128.2796,567,"Conifer",80,"Western Hemlock",3,"4","20",NA,"wind","Natural","Y","MJO",1,"maybe",NA,NA,"clear","",NA,""
"176",176,"Setophaga townsendi","SRF16M03","6/16/2017","9:00","Mitten FSR, Gitanyow",55.39034,-128.27394,585,"Conifer",85,"Western Hemlock",1,"1","20","RBSA","wind, traffic","Natural","N","LIMM",NA,"",1,NA,"","",NA,""
"177",177,"Setophaga townsendi","SRF16M04","6/16/2017","7:45","Mitten FSR, Gitanyow",55.39034,-128.22838,590,"Conifer",NA,"Western Hemlock",2,NA,"10",NA,"cough, water, squirrel","Natural","N","LIMM",1,"yes",NA,NA,"clear","",NA,""
"178",178,"Setophaga townsendi","SRF17M01","6/17/2017","6:00","Clements Lake, Stewart",56.02409,-129.5406,127,"Conifer",95,"Western Hemlock, Sitka Spruce",4,"5","5","PSFL, VATH, SWTH",NA,"Natural","N","MJO",2,"yes (1,2)",NA,NA,"b/c","",NA,""
"179",179,"Setophaga townsendi","SRF17M02","6/17/2017","6:13","Clements Lake, Stewart",56.02388,-129.5412,113,"Conifer",95,"Western Hemlock, Sitka Spruce",4,"5","20-May","PSFL, SWTH",NA,"Natural","Y","MJO",3,"yes (1,2,3)",NA,NA,"b/c","",NA,""
"180",180,"Setophaga townsendi","SRF17M03","6/17/2017","7:15","Clements Lake, Stewart",56.02263,-129.53915,124,"Conifer",85,"Western Hemlock",2,"1","20",NA,NA,"Natural","N","LIMM",2,"yes (1)",NA,NA,"buzzy","","Recording picked up both SRF17M03 + SRF17M04, unable to tell apart. 3rd rec is close up of SRF17M03",""
"181",181,"Setophaga townsendi","SRF17M04","6/17/2017","7:30","Clements Lake, Stewart",56.02267,-129.53938,120,"Conifer",85,"Western Hemlock",2,"1","20",NA,NA,"Natural","N","LIMM",2,"yes (2)",NA,NA,"clear","","Recording picked up both SRF17M03 + SRF17M04, unable to tell apart. 3rd rec is close up of SRF17M04",""
"182",182,"Setophaga townsendi","SRF17M05","6/17/2017","9:00","Unnamed Rd off Hwy 37a, Stewart",56.06117,-129.53031,146,"Conifer",90,"Western Hemlock",5,"4","5","PSFL",NA,"Natural","Y","MJO",2,"yes (1,2)",NA,NA,"clear","",NA,""
"183",183,"Setophaga townsendi","SRF17M06","6/17/2017","10:22","American Creek Trail, Stewart",56.06184,-129.52657,177,"Conifer",90,"Western Hemlock",4,"4","10","PSFL","squirrel","Natural","Y","MJO",2,"maybe (1,2)",NA,NA,"buzzy","",NA,""
"184",184,"Setophaga townsendi","SRF18M01","6/18/2017","8:15","American Creek Trail, Stewart",56.06888,-129.53056,222,"Conifer",80,"Western Hemlock",5,"5","15","DEJU, PSFL, PISI","Squirrel","N/PB","Y","MJO",3,"yes (1,2)",NA,NA,"clear","","buzzy and clear songs. Last two tracks taken after banding",""
"185",185,"Setophaga townsendi","SRF18M02","6/18/2017","9:38","American Creek Trail, Stewart",56.07568,-129.53543,282,"Conifer",NA,"Western Hemlock",3,NA,"10",NA,"creek","Natural","N","MJO",1,"yes",NA,NA,"clear","","clear song in recording",""
"186",186,"Setophaga townsendi","SRF18M03","6/18/2017","9:38","American Creek Trail, Stewart",56.07563,-129.53542,287,"Conifer",NA,"Western Hemlock",3,NA,"10",NA,"creek","Natural","Y","MJO",NA,"",1,NA,"","","buzzy song in recording",""
"187",187,"Setophaga townsendi","SRF18M04","6/18/2017","11:20","American Creek Trail, Stewart",56.07455,-129.53495,283,"Conifer",70,"Western Hemlock",4,"5","15-Oct",NA,NA,"Natural","N","LIMM",1,"yes",NA,NA,"clear","",NA,""
"188",188,"Setophaga townsendi","SRF18M05","6/18/2017","12:13","American Creek Trail, Stewart",56.06283,-129.53,145,"Mixed Conifer and Hardwood",85,"Western Hemlock",3,"4","15-Oct",NA,"wind, trees cracking","Natural","N","LIMM",1,"yes",NA,NA,"clear","",NA,""
"189",189,"Setophaga townsendi","SRF18M06","6/18/2017","12:30","American Creek Trail, Stewart",56.06094,-129.52657,162,"Conifer",85,"Western Hemlock",2,"1","15-Oct",NA,NA,"Natural","N","LIMM",1,"yes",NA,NA,"clear","",NA,""
"190",190,"Setophaga townsendi","SRF20M01","6/20/2017","6:10","Blue Lake Rd, Williams Lake",52.2057,-122.08857,990,"Conifer",50,"Douglas Fir",3,"4","17",NA,NA,"Natural","Y","MJO",1,"yes",NA,NA,"buzzy","","buzzy song",""
"191",191,"Setophaga townsendi","SRF22M01","6/22/2017","7:44","Bulter Peak Trail, Tatla Lake",51.45892,-124.41158,1072,"Conifer",70,"Lodgepole Pine",2,"3","15",NA,"stream","N/PB","Y","MJO",2,"yes (2)",NA,NA,"clear","","buzzy song",""
"192",192,"Setophaga townsendi","SRF22M02","6/22/2017","8:47","Bulter Peak Trail, Tatla Lake",51.45854,-124.40911,1091,"Mixed Conifer and Hardwood",50,"Lodgepole Pine, Trembling Aspen",2,"6","5","MGWA","stream","Natural","N","MJO",2,"yes (1,2)",NA,NA,"buzzy","","buzzy song",""
"193",193,"Setophaga townsendi","SRF22M03","6/22/2017","9:02","Bulter Peak Trail, Tatla Lake",51.45834,-124.41063,1069,"Conifer",70,"Lodgepole Pine",2,"4","40",NA,"stream","N/PB","N","MJO",3,"yes (1,2)",NA,NA,"clear","","recorded from other side of stream, clear song recorded 25 June 2017",""
"194",194,"Setophaga townsendi","SRF23M01","6/23/2017","5:30","Saloompt Forest Trail, Hagensborg",52.23865,-126.3189,68,"Conifer",90,"Red Cedar",5,"4","5","PAWR, AMRO","river, squirrel","N/PB","Y","MJO",2,"yes (_2)",13,NA,"clear","9,1,2","buzzy song was natural",""
"195",195,"Setophaga townsendi","SRF23M02","6/23/2017","5:40","Saloompt Forest Trail, Hagensborg",52.239,-126.31923,60,"Conifer",90,"Red Cedar",5,"4","5","PAWR","river, squirrel","Playback","Y","MJO",1,"yes",24,NA,"clear","2,13,6",NA,"A"
"196",196,"Setophaga townsendi","SRF23M03","6/23/2017","6:40","Saloompt Forest Trail, Hagensborg",52.23895,-126.32142,62,"Conifer",90,"Red Cedar",5,"4","5","BAEA",NA,"Playback","N","MJO",2,"yes (_1)",3,NA,"clear","",NA,""
"197",197,"Setophaga townsendi","SRF23M04","6/23/2017","7:40","Saloompt Forest Trail, Hagensborg",52.25455,-126.30839,208,"Mixed Conifer and Hardwood",85,"Red Cedar, Red Alder",4,"6","20","BTYW",NA,"Natural","N","MJO",NA,"",1,NA,"","",NA,""
"198",198,"Setophaga townsendi","SRF23M05","6/23/2017","8:30","Lost Lake Trail, Hagensborg",52.25049,-126.28287,208,"Conifer",80,"Red Cedar",3,"4","15-20",NA,NA,"Natural","N","LIMM",NA,"",1,NA,"","","weird song",""
"199",199,"Setophaga townsendi","SRF23M06","6/23/2017","9:00","Lost Lake Trail, Hagensborg",52.25071,-126.28093,224,"Conifer",NA,"Red Cedar, Douglas Fir",3,"1","20",NA,"squirrel","Natural","N","LIMM",NA,"",1,NA,"","",NA,""
"200",200,"Setophaga townsendi","SRF23M07","6/23/2017","9:25","Lost Lake Trail, Hagensborg",52.25086,-126.28016,269,"Conifer",80,"Red Cedar",4,"1","20",NA,NA,"Playback","Y","LIMM",2,"yes (_1,_2)",23,NA,"b/c","17,20,4",NA,"A"
"201",201,"Setophaga townsendi","SRF23M08","6/23/2017","11:10","Lost Lake Trail, Hagensborg",52.2507,-126.27399,377,"Conifer",NA,"Douglas Fir",3,"1","20","PISI, PAWR, YRWA","wind","Natural","N","MJO",NA,"",1,NA,"","",NA,""
"202",202,"Setophaga townsendi","SRF24M01","6/24/2017","5:50","Snooka Trail, Bella Coola",52.21448,-126.38922,213,"Conifer",80,"Western Hemlock",5,"5","5","PAWR","creek","Playback","Y","MJO",2,"yes (1,2)",16,NA,"clear","16,10,1","1st recording: weird song, sang directly above observer. 2nd rec: recorded after observer moved away, sounded like natural song","A"
"203",203,"Setophaga townsendi","SRF24M02","6/24/2017","7:10","Snooka Trail, Bella Coola",52.21599,-126.3912,93,"Conifer",80,"Red Cedar",5,"4","10-May",NA,"creek","Playback","Y","MJO",2,"yes (1,2)",21,NA,"clear","21,7,3",NA,"A"
"204",204,"Setophaga townsendi","SRF24M03","6/24/2017","8:25","Snooka Trail, Bella Coola",52.21673,-126.39583,51,"Conifer",70,"Western Hemlock, Red Alder",5,"4","10","WAVI","stream","Playback","Y","MJO",2,"maybe (1)",20,NA,"clear","2,14,12",NA,"A"
"205",205,"Setophaga townsendi","SRF24M04","6/24/2017","9:20","Big Cedars Trail, Bella Coola",52.22816,-126.37321,36,"Conifer",60,"Red Cedar",5,"4","10","WAVI",NA,"N/PB","N","MJO",2,"maybe (1)",1,7,"buzzy","","buzzy song",""
"206",206,"Setophaga townsendi","SRF24M05","6/24/2017","9:27","Big Cedars Trail, Bella Coola",52.22807,-126.37283,56,"Conifer",60,"Red Cedar",5,"4","20","SWTH, HAWO, WAVI","squirrel","Natural","N","MJO",3,"maybe (1)",1,6,"buzzy","","buzzy and clear song",""
"207",207,"Setophaga townsendi","SRF25M01","6/25/2017","6:20","Bulter Peak Trail, Tatla Lake",51.45851,-124.40569,1141,"Conifer",50,"Lodgepole Pine",2,"4","10",NA,"creek","N/PB","Y","MJO",2,"yes (1,2)",NA,NA,"b/c","",NA,""
"208",208,"Setophaga townsendi","SRF25M02","6/25/2017","8:30","Bluff Lake Rd, Tatla Lake",51.46069,-124.42359,965,"Conifer",50,"Lodgepole Pine",2,"1","15-Oct",NA,NA,"N/PB","Y","LIMM",3,"yes (2,3)",NA,NA,"b/c","",NA,""
"209",209,"Setophaga townsendi","SRF27M01","6/27/2017","6:20","Big Bar Lake Rd, Kelly Lake",51.01392,-121.46377,1136,"Conifer",70,"Douglas Fir",5,"3","5","HAFL","stream","Playback","Y","MJO",1,"yes",16,NA,"b/c","4,7,2","buzzy and clear songs both sound odd",""
"210",210,"Setophaga townsendi","SRF27M02","6/27/2017","7:10","Big Bar Lake Rd, Kelly Lake",51.0195,-121.46775,1157,"Conifer",NA,"Hybrid Spruce",4,"2","20",NA,"stream","Natural","N","MJO",1,"no",NA,NA,"buzzy","","buzzy song",""
"211",211,"Setophaga townsendi","SRF27M03","6/27/2017","7:37","Big Bar Lake Rd, Kelly Lake",51.02124,-121.47006,1166,"Conifer",80,"Hybrid Spruce",4,"4","15",NA,NA,"Playback","Y","LIMM",NA,"",1,NA,"","",NA,""
"212",212,"Setophaga townsendi","SRF27M04","6/27/2017","8:40","Big Bar Lake Rd, Kelly Lake",51.04141,-121.497566,1318,"Conifer",90,"Hybrid Spruce",4,"5","15",NA,"traffic","Natural","N","LIMM",1,"no",NA,NA,"clear","","clear song",""
"213",213,"Setophaga townsendi","SRF27M05","6/27/2017","9:02","Big Bar Lake Rd, Kelly Lake",51.04397,-121.50168,1332,"Conifer",45,"Hybrid Spruce",4,"4","5",NA,"stream","N/PB","Y","MJO",2,"yes (2)",24,NA,"clear","11,24,13",NA,""
"214",214,"Setophaga townsendi","SRF27M06","6/27/2017","9:17","Big Bar Lake Rd, Kelly Lake",51.04427,-121.50249,1355,"Conifer",70,"Hybrid Spruce",3,"4","15",NA,"stream","Playback","Y","MJO",2,"yes (2)",1,17,"buzzy","","buzzy song only",""
"215",215,"Setophaga townsendi","SRF28M01","6/28/2017","7:40","Grinder Trailhead Rd, Clinton",51.12504,-121.59963,1122,"Conifer",70,"Hybrid Spruce",3,"3","20-May",NA,"stream","N/PB","Y","MJO",3,"yes(2)",20,NA,"clear","4,19,14","clear song only",""
"216",216,"Setophaga townsendi","SRF28M02","6/28/2017","7:44","Grinder Trail, Clinton",51.1199,-121.59972,1154,"Conifer",60,"Hybrid Spruce",2,"2","8","RCKI, DUFL",NA,"N/PB","N","MJO",2,"yes (2)",19,NA,"clear","5,15,9","weird song, sounded like a mix of clear and buzzy songs",""
"217",217,"Setophaga townsendi","SRF28M03","6/28/2017","9:05","Grinder Trail, Clinton",51.11911,-121.39919,1162,"Conifer",70,"Hybrid Spruce",3,"3","15","RCKI, SWTH",NA,"Natural","N","LIMM",NA,"",1,NA,"","",NA,""
"218",218,"Setophaga townsendi","SRF28M04","6/28/2017","11:00","Grinder Trailhead Rd, Clinton",51.12167,-121.59981,1156,"Mixed Conifer and Hardwood",70,"Trembling Apsen, Douglas Fir",3,"3","8",NA,"stream","Playback","N","MJO",1,"yes",19,NA,"clear","12,9,17",NA,""
"219",219,"Setophaga townsendi","SRF29M02","6/29/2017","6:05","Owl Creek FSR, Pemberton",50.21793,-122.44424,489,"Conifer",80,"Douglas Fir",3,"3","5","PISI, BTYW","creek","Playback","Y","MJO",1,"yes",NA,NA,"clear","",NA,""
"220",220,"Setophaga townsendi","SRF29M03","6/29/2017","9:35","Birkenhead FSR, Pemberton",50.27099,-122.41152,447,"Conifer",80,"Red Cedar",4,"4","13","WAVI, HAWO","squirrel, traffic","Natural","Y","MJO",NA,"",1,NA,"","",NA,""
"221",221,"Setophaga townsendi","SRF29M04","6/29/2017","11:00","Sea-to-Sky Trail off Birkenhead River Rd, Pemberton",50.27396,-122.41702,606,"Mixed Conifer and Hardwood",80,"Douglas Fir",3,"4","10","SWTH, CAVI, RBNU",NA,"Natural","N","LIMM",1,"maybe",NA,NA,"clear","",NA,""
"222",222,"Setophaga townsendi","SRF29M05","6/29/2017","11:15","Sea-to-Sky Trail off Birkenhead River Rd, Pemberton",50.27387,-122.41737,590,"Mixed Conifer and Hardwood",80,"Douglas Fir",3,"4","5","AMRE","helicopter","Natural","N","LIMM",NA,"",1,NA,"","","SRF29M04 in background. Buzzy song",""
"223",223,"Setophaga townsendi","SRF30M01","6/30/2017","7:25","Shadow Lake Trail, Pemberton",50.13232,-122.53018,483,"Conifer",80,"Douglas Fir",3,"6","9","BTYW, WAVI","traffic","N/PB","Y","MJO",2,"maybe (1)",NA,NA,"buzzy","",NA,""
"224",224,"Setophaga townsendi","SRF30M02","6/30/2017","9:00","Shadow Lake Trail, Pemberton",50.12936,-122.53209,481,"Conifer",80,"Red Cedar",5,"2","10","SWTH, SOSP","traffic","Playback","Y","MJO",NA,"",1,NA,"","",NA,""
"225",225,"Setophaga townsendi","SRG01M03","7/1/2017","9:08","High Trail- Brohm Lake Interpretive Forest, Squamish",49.4884,-123.08333,292,"Conifer",80,"Western Hemlock",4,"5","5","PAWR, AMRO",NA,"N/PB","N","MJO",1,"",NA,NA,"","",NA,""
"226",226,"Setophaga townsendi","SRG02M01","7/2/2017","8:12","Four Lakes Trail- Alice Lake Provinical Park, Squamish",49.47221,-123.07495,228,"Conifer",90,"Douglas Fir",5,"2","5","PAWR, SWTH, WETA, HAWO",NA,"Natural","N","MJO",1,"yes",NA,NA,"b/c","",NA,""
"227",227,"Setophaga townsendi","SRG02M02","7/2/2017","8:21","Four Lakes Trail- Alice Lake Provinical Park, Squamish",49.47162,-123.07499,236,"Conifer",95,"Douglas Fir",5,"4","12","PAWR, SWTH, WETA, HAWO, BRCR",NA,"Natural","N","MJO",1,"yes",NA,NA,"clear","",NA,""
"228",228,"Setophaga townsendi","SRG02M03","7/2/2017","8:45","Four Lakes Trail- Alice Lake Provinical Park, Squamish",49.47064,-123.07426,232,"Conifer",95,"Red Cedar",5,"2","5",NA,NA,"Natural","N","MJO",1,"yes",NA,NA,"clear","",NA,""
"229",229,"Setophaga townsendi","SRG02M04","7/2/2017","9:43","Four Lakes Trail- Alice Lake Provinical Park, Squamish",49.47367,-123.07538,252,"Conifer",85,"Red Cedar",4,"3","15-20",NA,NA,"Natural","N","LIMM",NA,"",1,NA,"","",NA,""
"230",230,"Setophaga townsendi","SRG02M05","7/2/2017","9:56","Four Lakes Trail- Alice Lake Provinical Park, Squamish",49.47392,-123.07538,238,"Conifer",85,"Red Cedar",4,"3","15-20",NA,NA,"Natural","N","LIMM",NA,"",1,NA,"","",NA,""
"231",231,"Setophaga townsendi","SRG04M01","7/4/2017","8:45","Bridge Trail- Brohm Lake Interpretive Trail, Squamish",49.48736,-123.07791,337,"Conifer",75,"Western Hemlock",3,"4","5","DEJU",NA,"Playback","Y","MJO",3,"yes (1,2)",NA,NA,"b/c","","clear song",""
"232",232,"Setophaga townsendi","SRG04M02","7/4/2017","9:00","High Trail- Brohm Lake Interpretive Forest, Squamish",49.48733,-123.0802,305,"Conifer",90,"Western Hemlock",4,"5","5","PAWR",NA,"N/PB","Y","MJO",3,"yes (1,3)",NA,NA,"clear","","clear song",""
"233",233,"Setophaga townsendi","SRG04M03","7/4/2017","9:20","High Trail- Brohm Lake Interpretive Forest, Squamish",49.48844,-123.08049,360,"Conifer",80,"Douglas Fir",4,"4","15","PSFL",NA,"N/PB","Y","MJO",2,"yes (1,2)",NA,NA,"clear","",NA,""
