"","Species","Song.ID","Date..MDY.","Time","Locality","GPS.coordinate.N","GPS.coordinate.W","Elevation..m.","Habitat.Type","X..Canopy.Cover","Dominant.Species","Tree.Size.Class","Understory.code","Est.dist.from.recorder","Background.species","Disturbance.in.recording.","Banded","Recorder.Initials","Number.of.files","Usable","songs.to.analyze","buzzy.or.clear","Notes"
"1","Setophaga townsendi","SRE01M01","5/1/2017","7:17:00 AM","PACIFIC SPIRIT PARK","49 15.328","123 13.514",100,"Conifer",90,"Western Hemlock (Tsuga heterophylla)",3,"6","15","RBNU","RECORDER","Yes","MJO",2,"yes (1)",NA,"clear","TRACKS 008 AND 010; TAKE TRAIL EAST, NEAR LARGE STUMP (CEDAR?) WITH SMALL TREE FROM THE TOP, W OF TRAIL, HOLE-Y SNAG ACROSS ON E SIDE OF TRAIL"
"2","Setophaga townsendi","SRE01M03","5/1/2017","8:04:00 AM","PACIFIC SPIRIT PARK","49 15.192","123 13.447",111,"Mixed Conifer/Hardwood",50,"Red Cedar (Thuga plicata), BIG LEAF MAPLE (ACER MACROPHYLLUM)",3,NA,"20","PSFL",NA,"No","MJO",1,"yes",NA,"buzzy","TRACK 012"
"3","Setophaga townsendi","SRE01M04","5/1/2017","8:10:00 AM","PACIFIC SPIRIT PARK","49 15.190","123 13.436",88,"Conifer",75,"Western Hemlock (Tsuga heterophylla)",3,NA,NA,"PUFI, PISI, BTYW, PAWR",NA,"No","MJO",3,"yes (1,2,3)",NA,"b/c","TRACKS 013, 014 AND 015; CONIFER ADJACENT TO HARDWOOD - W SIDE OF TRAIL IS HARDWOOD, E SIDE OF TRAIL IS CONIFER; FURTHER SOUTH FROM PREVIOUS TOWA (SRE01M03?) ON SALISH TRAIL, RIGHT AFTER BEND IN THE ROAD"
"4","Setophaga townsendi","SRE01M05","5/1/2017","8:43:00 AM","PACIFIC SPIRIT PARK","49 15.258","123 13.648",79,"Conifer",80,"Western Hemlock (Tsuga heterophylla)",3,"6","25",NA,"POSSIBLE TREE CUTTER, CONSTRUCTION, MACHINERY ","No","MJO",1,"yes",NA,"clear","TRACK 016; ON SWORD FERN TRAIL?, JUST N OF COUNCIL, RIGHT AFTER WOODEN BRIDGE"
"5","Setophaga townsendi","SRE01M06","5/1/2017","8:56:00 AM","PACIFIC SPIRIT PARK","49 15.303","123 13.715",108,"Conifer",75,"Western Hemlock (Tsuga heterophylla)",3,"5","15","PAWR","CONSTRUCTION, MACHINERY","No","MJO",1,"yes",NA,"clear","TRACK 017; ON SWORD FERN TRAIL AT BEND IN ROAD WITH LARGE CONIFER NEXT TO SHAG WITH LOGS STREWN AROUND BASE"
"6","Setophaga townsendi","SRE02M01","5/2/2017","7:56:00 AM","PACIFIC RIM PARK (NEAR SALISH TRAIL, IRON KNEE JUNCTION)","49 15.240","123 13.420",106,"Conifer",85,"Western Hemlock (Tsuga heterophylla)",3,"6","10",NA,NA,"No","MJO",2,"yes (1)",NA,"clear","TRACKS 18 AND 19"
"7","Setophaga townsendi","SRE02M02","5/2/2017","8:20:00 AM","PACIFIC SPIRIT PARK (JUNCTION OF SALISH AND SWORD FERN TRAILS)","49 15.428","123 13.585",109,"Conifer",75,"Western Hemlock (Tsuga heterophylla)",2,"6","25",NA,"AIRPLANE, CARS","No","LM",1,"yes",NA,"clear","TREE CLASS SIZE 2 AND 3 DOMINATE"
"8","Setophaga townsendi","SRE04M01","5/4/2017","9:57:00 AM","PACIFIC SPIRIT PARK","49 15.248","123 13.624",NA,"Conifer",75,"Western Hemlock (Tsuga heterophylla)",3,"6",NA,NA,"PEOPLE, DOGS, CONSTRUCTION","Yes","MJO",2,"yes (1,2)",NA,"clear","TRACKS 033 AND 034; RE04M01"
"9","Setophaga townsendi","SRE06M01","5/6/2017","6:00:00 AM","JORDAN RIVER","48 25.667","124 04.305",74,"Conifer",50,"Douglas Fir (Pseudotsuga menziesii)",3,"4","20","PAWR, AMRO, WIWA, VATH",NA,"No",NA,1,"yes (1,2)",NA,"clear","LOGGED AREA"
"10","Setophaga townsendi","SRE06M02","5/6/2017","6:15:00 AM","JORDAN RIVER (PETREL RD)","48 25.626","124 04.397",45,"Conifer",90,"Western Hemlock (Tsuga heterophylla)",3,"4","25","PSFL",NA,"No",NA,1,"",NA,"",NA
"11","Setophaga townsendi","SRE06M03","5/6/2017","6:32:00 AM","JORDAN RIVER (PETREL RD)","48 25.856","124 04.335",67,"Conifer",40,"Douglas Fir (Pseudotsuga menziesii)",2,"5","20","AMRO, PUFI, VATH, WIWA",NA,"No","MJO",1,"yes",NA,"clear","TRACK 1004; 2ND TOWA STARTS AFTER FOOTSTEPS - SRE06MO4"
"12","Setophaga townsendi","SRE06M04","5/6/2017","6:34:00 AM","JORDAN RIVER (PETREL RD)","48 25.828","124 04.340",66,"Conifer",40,"Douglas Fir (Pseudotsuga menziesii)",2,"5","10","AMRO, PUFI, VATH, WIWA",NA,"No",NA,1,"yes",NA,"clear","TRACK 1004"
"13","Setophaga townsendi","SRE06M05","5/6/2017","7:18:00 AM","JORDAN RIVER","48 26.254","124 04.695",94,"Mixed Conifer/Hardwood",90,"Douglas Fir (Pseudotsuga menziesii), Western Hemlock (Tsuga heterophylla), RED ALDER (ALNUS RUBRA)",3,"4","20",NA,NA,"Yes",NA,1,"yes",NA,"clear","TRACK 1005; RE06M01"
"14","Setophaga townsendi","SRE06M06","5/6/2017","8:55:00 AM","JORDAN RIVER (OFF OF HIGHWAY 14)","48 26.475","124 06.562",145,"Conifer",95,"Red Cedar (Thuga plicata), Sitka Spruce (Picea sitchensis)",3,"4","15","HUVI, WIWA","TRAFFIC","Yes",NA,1,"yes",NA,"clear",NA
"15","Setophaga townsendi","SRE06M07","5/6/2017","10:14:00 AM","JORDAN RIVER (OFF OF HIGHWAY 14)","48 26.646","127 07.069",146,"Conifer",90,"Western Hemlock (Tsuga heterophylla), Sitka Spruce (Picea sitchensis)",3,"6","15","WIWA","TRAFFIC","Yes","EM",2,"yes (1,2)",NA,"clear","2ND TOWA SINGING IN DISTANCE IS SRE06M08; TRACKS 46 AND 47"
"16","Setophaga townsendi","SRE07M01","5/7/2017","6:22:00 AM","LOON LAKE","49 15.270","124 41.971",393,"Conifer",60,"Douglas Fir (Pseudotsuga menziesii)",2,"5","25","PAWR, HAFL, WETA, BARO, MGWA, BTPI, YRWA","TRAFFIC, OBSERVER","No","MJO",2,"yes (1,2)",NA,"clear","TRACK 50 AND 51 (6:30am); RTHA NEAR RECORDING SITE (TOWA STOPPED SINGING THEN RESUMED)"
"17","Setophaga townsendi","SRE07M02","5/7/2017","7:18:00 AM","LOON LAKE","49 15.254","124 41.944",375,"Conifer",60,"Douglas Fir (Pseudotsuga menziesii)",3,"5","30","WCSP, SOSP, AMRO, HAFL, WETA",NA,"No",NA,1,"yes",NA,"clear",NA
"18","Setophaga townsendi","SRE07M03","5/7/2017","7:10:00 AM","LOON LAKE","49 15.220","124 41.757",392,"Conifer",70,"Red Cedar (Thuga plicata)",2,"2","15","PUFI, RBSA, WETA, WCSP",NA,"Yes",NA,1,"yes",NA,"clear","TRACK 52?; TERRITORY ADJACENT TO A CLEARCUT"
"19","Setophaga townsendi","SRE07M04","5/7/2017","7:42:00 AM","LOON LAKE","49 15.160","124 41.643",412,"Conifer",75,"Western Hemlock (Tsuga heterophylla)",2,"2","10","PAWR, WETA, SOSP",NA,"No",NA,1,"yes",NA,"clear","TRACK 053; 2ND TOWA SINGING IN DISTANCE"
"20","Setophaga townsendi","SRE07M06","5/7/2017","8:08","LOON LAKE","49 15.165","124 41.551",384,"Conifer",70,"Douglas Fir (Pseudotsuga menziesii), Red Cedar (Thuga plicata)",2,"2","25-Oct","PSFL, AMRO, HAFL, RBSA, PAWR",NA,"No",NA,1,"yes",NA,"clear","TRACK 1010; STARTED CLOSE THEN FLEW TO DIFFERENT PART OF TERRITORY"
"21","Setophaga townsendi","SRE07M07","5/7/2017","8:21:00 AM","LOON LAKE","49 15.144","124 41.462",383,"Conifer",40,"Douglas Fir (Pseudotsuga menziesii), Red Cedar (Thuga plicata)",2,"2","15","MGWA, PISI",NA,"Yes",NA,2,"yes (2)",NA,"clear","TRACKS 54 AND 55; 2ND TOWA IN DISTANCE"
"22","Setophaga townsendi","SRE07M08","5/7/2017","8:20:00 AM","LOON LAKE","49 15.122","124 41.476",380,"Conifer",70,"Douglas Fir (Pseudotsuga menziesii)",3,"3","30","PSFL, MGWA","RIVER","No",NA,1,"yes",NA,"clear","TRACK 1012"
"23","Setophaga townsendi","SRE07M09","5/7/2017","8:40:00 AM","Loon Lake","49 15.117'","124 41.313'",400,"Conifer",85,"Douglas Fir (Pseudotsuga menziesii), Red Cedar (Thuga plicata)",2,"2","15","STJA, HAFL, RBSA",NA,"No",NA,2,"yes (1,2)",NA,"clear","Flew away at end of recording, sings distantly"
"24","Setophaga townsendi","SRE07M10","5/7/2017","4:50:00 PM","Tofino","49 04.104'","125 39.913'",35,"Conifer",65,"Red Cedar (Thuga plicata)",3,"6","15",NA,NA,"Yes","MJO",1,"yes",NA,"clear","Banded on 09 May 2017"
"25","Setophaga townsendi","SRE08M01","5/8/2017","6:35:00 AM","Tofino","49 03.660'","125 40.898",48,"Conifer",90,"Douglas Fir (Pseudotsuga menziesii)",3,"6","25",NA,NA,"Yes",NA,1,"yes",NA,"clear",NA
"26","Setophaga townsendi","SRE08M03","5/8/2017","7:43:00 AM","Tofino","49 03.421","125 40.915'",54,"Conifer",NA,"Red Cedar (Thuga plicata)",2,"6","15","WIWA, HUVI, VATH, CORA",NA,"No",NA,3,"yes (2,3)",NA,"clear",NA
"27","Setophaga townsendi","SRE08M04","5/8/2017","8:27:00 AM","Tofino","49 03.354'","125 40.629'",57,"Conifer",65,"Red Cedar (Thuga plicata)",2,"6","15","HUVI, CORA","Traffic","Yes",NA,2,"yes (1,2)",NA,"clear",NA
"28","Setophaga townsendi","SRE08M05","5/8/2017","9:03:00 AM","TOFINO","49 03.163","125 40.513",51,"Conifer",NA,"Red Cedar (Thuga plicata)",2,"5","10","CORA, HETH, PAWR, AMRO",NA,"No",NA,1,"yes",NA,"clear","TRACK 61"
"29","Setophaga townsendi","SRE08M07","5/8/2017","10:50:00 AM","Tofino","49 03.372'","125 40.419'",46,"Conifer",70,"Red Cedar (Thuga plicata)",2,"6","25","HUVI, GCKI",NA,"No",NA,1,"maybe",NA,"clear","2 TOWA singing in the background"
"30","Setophaga townsendi","SRE08M08","5/8/2017","11:00:00 AM","Tofino","49 03.409'","125 40.434'",30,"Conifer",50,"Red Cedar (Thuga plicata)",2,"6","15-30","HUVI",NA,"No",NA,1,"maybe",NA,"clear",NA
"31","Setophaga townsendi","SRE08M09","5/8/2017","11:12:00 AM","Tofino","49 03.604'","125 40.433'",48,"Conifer",60,"Douglas Fir (Pseudotsuga menziesii)",3,"6","15",NA,NA,"No",NA,1,"yes",NA,"clear","TOWA (SRE08M10) singing in distance"
"32","Setophaga townsendi","SRE08M11","5/8/2017","11:30:00 AM","Tofino","49 03.739","125 40.326",40,"Conifer",80,"Sitka Spruce (Picea sitchensis)",2,"4","20","OCWA, YRWA",NA,"No",NA,1,"yes",NA,"clear","another TOWA in distance (possibly 2)"
"33","Setophaga townsendi","SRE08M12","5/8/2017","11:46:00 AM","Tofino","49 03.839","125 40.096",50,"Conifer",NA,"Red Cedar (Thuga plicata)",3,"6","10","WIWA, HETH",NA,"Yes",NA,2,"yes (1,2)",NA,"clear","caught on 09 May 2017"
"34","Setophaga townsendi","SRE09M02","5/9/2017","7:48:00 AM","Tofino","49 03.977'","125 39.999'",35,"Conifer",70,"Red Cedar (Thuga plicata)",3,"5","20","GCKI, PAWR","MJO","No",NA,1,"yes",NA,"buzzy","Bird was flying around his territory while singing a buzzy song"
"35","Setophaga townsendi","SRE09M03","5/9/2017","10:05:00 AM","Pacific Rim Park - Long Beach","49 04.237","125 45.282",7,"Conifer",40,"Sitka Spruce (Picea sitchensis)",3,"6","10","RECR","MJO","No","MJO",1,"yes",NA,"clear",NA
"36","Setophaga townsendi","SRE10M03","5/10/2017","6:43:00 AM","McIvor Lake Park, Campbell River","50 01.108'","125 22.588'",214,"Conifer",80,"Western Hemlock (Tsuga heterophylla)",1,"1","5",NA,NA,"Yes",NA,1,"yes",NA,"clear",NA
"37","Setophaga townsendi","SRE10M04","5/10/2017","7:35:00 AM","McIvor Lake Park, Campbell River","50 01.106'","125 22.727'",190,"Conifer",70,"Douglas Fir (Pseudotsuga menziesii)",1,"4","20","SPTO",NA,"Yes","MJO",3,"yes (1,2,3)",NA,"clear","lots of variability in song. Fighting with SRE10M05"
"38","Setophaga townsendi","SRE10M05","5/10/2017","7:50:00 AM","McIvor Lake Park, Campbell River","50 01.108'","125 22.700'",196,"Conifer",70,"Douglas Fir (Pseudotsuga menziesii)",1,"4","20","MGWA",NA,"No",NA,2,"yes (1,2)",NA,"clear","Fighting with SRE10M04. Aggressive chips, odd song."
"39","Setophaga townsendi","SRE10M08","5/10/2017","9:10:00 AM","McIvor Lake Park, Campbell River","50 00.908","125 23.103'",215,"Conifer",60,"Douglas Fir (Pseudotsuga menziesii)",3,"6","25","RBNU, HAFL",NA,"No",NA,2,"yes (1)",NA,"clear","another TOWA in distance"
"40","Setophaga townsendi","SRE10M10","5/10/2017","9:28:00 AM","McIvor Lake Park, Campbell River","50 00.883'","125 23.120'",218,"Conifer",50,"Douglas Fir (Pseudotsuga menziesii)",2,"6","25","HAFL, DEJU, BAEA, CORA",NA,"No","MJO",1,"yes",NA,"clear","Bird was close then moved further away. Presumed to be TOWA in background of SRE10M08"
"41","Setophaga townsendi","SRE10M13","5/10/2017","10:30:00 AM","Campbell River","49 59.889'","125 22.770'",194,"Conifer",NA,"Douglas Fir (Pseudotsuga menziesii)",2,"5","15","SOSP, AMRO, COYE, WAVI, SPTO, OCWA","Traffic","No",NA,1,"yes",NA,"clear","TOWA close then flew to further distance"
"42","Setophaga townsendi","SRE10M14","5/10/2017","10:54:00 AM","Forest Service Rd, Campbell River","49 59.094'","125 25.989'",230,"Conifer",60,"Douglas Fir (Pseudotsuga menziesii)",3,"3","20","DEJU, MGWA, RUHU","Traffic","No",NA,1,"",NA,"clear","neighbors in background"
"43","Setophaga townsendi","SRE10M15","5/10/2017","11:05","Forest Service Rd, Campbell River","49 59.086'","125 25.982'",221,"Conifer",80,"Douglas Fir (Pseudotsuga menziesii)",3,"1","5",NA,"Traffic","No","LM",1,"maybe (1)",NA,"clear","sang only in first few minutes"
"44","Setophaga townsendi","SRE10M16","5/10/2017","11:15:00 AM","Forest Service Rd, Campbell Lake","49 54.077'","125 26.024",235,"Conifer",NA,"Douglas Fir (Pseudotsuga menziesii)",3,"4","20",NA,"Traffic","No","LM",1,"maybe",NA,"clear",NA
"45","Setophaga townsendi","SRE17M03","5/17/2017","8:20","Silver Skagit Rd","49 18.402","121 24.334",390,"Mixed Conifer and Hardwood",40,"Red Alder",3,"6","10","EVGR, NOFL, CAVI, WIWA, SOGR",NA,"N","MJO",3,"yes (1,2,3)",NA,"b/c","saw at least 2 males and 2 females, singing and feeding from an Alder. Probably a flock on migration?"
"46","Setophaga townsendi","SRE17M04","5/17/2017","8:48","Silver Skagit Rd","49 18.208","121 24.028",378,"Mixed Conifer and Hardwood",50,"Red Cedar, Red Alder",2,"5","20","BTYW",NA,"N","MJO",1,"maybe",NA,"clear",NA
"47","Setophaga townsendi","SRE17M05","5/17/2017","9:05","Silver Skagit Rd","49 17.808","121 23.964",366,"Mixed Conifer and Hardwood",75,"Red Cedar",2,"4","15","AMRO, CAVI, WAVI, BTYW",NA,"N","MJO",1,"yes",NA,"clear",NA
"48","Setophaga townsendi","SRE17M07","5/17/2017","9:55","Silver Skagit Rd","49 13.017","121 22.979",494,"Conifer",80,"Red Cedar",3,"4","5","BTYW, PISI","River","N","MJO",1,"yes",NA,"clear",NA
"49","Setophaga townsendi","SRE17M08","5/17/2017","10:17","Silver Skagit Rd","49 12.880","121 23.312",534,"Conifer",60,"Douglas Fir, Red Cedar",2,"3","25","HAFL, BTYW","River, Plane","N","MJO",2,"yes (1,2)",NA,"clear",NA
"50","Setophaga townsendi","SRE17M09","5/17/2017","10:35","Silver Skagit Rd","49 13.085","121 22.465",461,"Conifer",80,"Douglas Fir",2,"4","15","PISI, YRWA, BTYW, HAFL",NA,"N","MJO",1,"yes",NA,"clear",NA
"51","Setophaga townsendi","SRE18M01","5/18/2017","8:20","Sumallo FS Rd, Sunshine Valley","49 13.567","121 14.081",884,"Conifer",90,"Douglas Fir",2,"2","10",NA,"River","N","MJO",1,"yes",NA,"buzzy","buzzy song"
"52","Setophaga townsendi","SRE18M02","5/18/2017","9:00","Sumallo FS Rd, Sunshine Valley","49 13.325","121 14.121",906,"Conifer",NA,"Douglas Fir",3,"3","20",NA,"stream","Y","LIMM",1,"yes",NA,"clear","in open spot, dense trees around"
"53","Setophaga townsendi","SRE18M03","5/18/2017","9:15","Sumallo FS Rd, Sunshine Valley","49 13.386","121 14.122",900,"Conifer",95,"Douglas Fir",3,"2","10","YRWA, SWTH","River","N","MJO",1,"yes",NA,"clear",NA
"54","Setophaga townsendi","SRE18M04","5/18/2017","10:30","Sumallo FS Rd, Sunshine Valley","49 13.877","121 14.006",901,"Conifer",70,"Douglas Fir",3,"2","15","PISI","River, wind","N",NA,1,"yes",NA,"clear",NA
"55","Setophaga townsendi","SRE19M01","5/19/2017","6:10:00 AM","MCKINNEY FSR -BRIDESVILLE","49 05.741","119 07.718",1124,"Conifer",50,"Western larch (Larix occidentalis)",2,"2","5","BCCH, PISI",NA,"No","MJO",2,"yes (2)",NA,"clear","FEMALE TOWA NEARBY; TRACK 660"
"56","Setophaga townsendi","SRE19M02","5/19/2017","8:30:00 AM","FISH LAKE W. RD. -BRIDESVILLE","49 07.008","119 09.213",1199,"Conifer",70,"Douglas Fir (Pseudotsuga menziesii)",2,"2","10","BCCH","RIVER","Yes","MJO",2,"yes (1,2)",NA,"clear","OTHER SIDE OF ROAD IS CLEAR CUT; TRACK 1003"
"57","Setophaga townsendi","SRE19M03","5/19/2017","9:39:00 AM","FISH LAKE WEST RD - BRIDESVILLE","49 06.640","119 08.773",1142,"Conifer",40,"Douglas Fir (Pseudotsuga menziesii)",3,"3","10","BCCH, LISP, WAVI, DEJU","RIVER","No",NA,2,"yes(1,2)",NA,"clear",NA
"58","Setophaga townsendi","SRE19M04","5/19/2017","10:40:00 AM","STANHOPE CREEK FSR -BRIDESVILLE","49 06.775","119 08.651",1141,"Conifer",40,"Douglas Fir(Pseudotsuga menziesii), Western larch (Larix occidentalis)",2,"4","5","RBNU, HAFL, RCKI",NA,"Yes","LM",1,"yes",NA,"clear",NA
"59","Setophaga townsendi","SRE20M01","5/20/2017","6:30:00 AM","STANDHOPE CR. FSR - BRIDESVILLE","49 07.766","119 08.363",1145,"Conifer",40,"Western larch (Larix occidentalis)",2,"3","10","YRWA","RIVER","Yes","MJO",1,"yes",NA,"clear","FIGHTING WITH SRE20M02 OVER TERRITORY BOUNDARY"
"60","Setophaga townsendi","SRE20M02","5/20/2017","6:40:00 AM","STANDHOPE CR. FSR - BRIDESVILLE","49 07.737","119 08.349",1142,"Conifer",40,"Western larch (Larix occidentalis)",2,"3","15","YRWA","RIVER","Yes","MJO",2,"yes (1)",NA,"clear","FIGHTING WITH SRE20M01 OVER TERRITORY BOUNDARY"
"61","Setophaga townsendi","SRE20M03","5/20/2017","8:30:00 AM","MT.BALDY SKI HILL RD - BRIDESVILLE","49 06.222","119 10.276",1236,"Conifer",70,"Western larch (Larix occidentalis)",2,"1","20","TOSO, YRWA","STREAM, SQUIRRELS","No","LM",2,"yes (1,2)",NA,"clear","RECORDER SAYS FISH LAKE ROAD and 8:20 TIME"
"62","Setophaga townsendi","SRE20M04","5/20/2017","8:46:00 AM","MT. BALDY SKI HILL RD. - BRIDESVILLE","49 06.568","119 10.815",1289,"Conifer",50,"Douglas Fir (Pseudotsuga menziesii), Western larch (Larix occidentalis)",3,"2","10",NA,"STREAM","No","MJO",1,"yes",NA,"clear",NA
"63","Setophaga townsendi","SRE20M05","5/20/2017","10:00:00 AM","MT. BALDY SKI HILL RD. - BRIDESVILLE","49 06.913","119 11.899",1355,"Conifer",70,"Douglas Fir (Pseudotsuga menziesii), Western larch (Larix occidentalis)",3,"5","15","RBNU, RCKI","squirrel","No","MJO",1,"yes",NA,"clear",NA
"64","Setophaga townsendi","SRE21M01","5/21/2017","5:18:00 AM","Merry Creek FSR, Castlegar","49 17.556","117 40.791",795,"Conifer",80,"Red Cedar (Thuga plicata)",3,"2","15",NA,"squirrels","No","LM",2,"yes (1,2)",NA,"b/c","Another TOWA nearby, responding to one another. Recording says Grand Forks, but actually in Castlegar"
"65","Setophaga townsendi","SRE21M02","5/21/2017","6:20:00 AM","Merry Creek Trail, Castlegar","49 17.885","117 41.004",812,"Conifer",95,"Western Hemlock (Tsuga heterophylla)",2,"1","20",NA,"squirrel, stream","Yes","MJO",2,"yes (1,2)",NA,"buzzy",NA
"66","Setophaga townsendi","SRE21M03","5/21/2017","7:30:00 AM","Merry Creek Trail, Castlegar","49 18.042","117 41.127",809,"Conifer",80,"Red Cedar (Thuga plicata), Western Hemlock (Tsuga heterophylla)",3,"3","5","MGWA, PAWR","squirrel, stream","Yes","MJO",3,"yes (1,2,3)",NA,"b/c","one buzzy song"
"67","Setophaga townsendi","SRE21M04","5/21/2017","8:20:00 AM","Big Cedar Trail, Castlegar","49 18.245","117 41.236",827,"Conifer",90,"Western Hemlock (Tsuga heterophylla)",3,"3","10",NA,NA,"Yes","MJO",2,"yes (1,2)",NA,"clear","1st rec: short recording, no notes spoken in recording. 2nd: taken after banding"
"68","Setophaga townsendi","SRE21M05","5/21/2017","10:20:00 AM","Big Cedar Trail, Castlegar","49 18.449","117 41.321",844,"Conifer",85,"Red Cedar (Thuga plicata), Western Hemlock (Tsuga heterophylla)",3,"3","20-May","PAWR, GCKI",NA,"No","LM",1,"yes",NA,"clear",NA
"69","Setophaga townsendi","SRE21M06","5/21/2017","10:40:00 AM","Big Cedar Trail, Castlegar","49 18.159","117 41.191",824,"Conifer",80,"Red Cedar (Thuga plicata), Western Hemlock (Tsuga heterophylla)",2,"4","10",NA,NA,"No","LM",1,"yes",NA,"clear",NA
"70","Setophaga townsendi","SRE22M01","5/22/2017","7:50:00 AM","Clearwater Creek FS rd, Nelson","49 23.404","117 10.565",1101,"Conifer",100,"Red Cedar (Thuga plicata)",2,"3","25","PISI","river","Yes","MJO",3,"yes (1,2,3)",NA,"clear","Very dense forest"
"71","Setophaga townsendi","SRE22M02","5/22/2017","8:55:00 AM","Clearwater Creek FS rd, Nelson","49 23.482","117 10.847",1068,"Conifer",90,"Red Cedar (Thuga plicata)",2,"3","10",NA,NA,"No","MJO",1,"yes",NA,"clear","
"
"72","Setophaga townsendi","SRE22M03","5/22/2017","10:05:00 AM","Clearwater Creek FS rd, Nelson","49 24.211","117 12.160",964,"Conifer",50,"Red Cedar (Thuga plicata)",2,"4","15","PAWR","traffic","No","LM",1,"yes",NA,"clear",NA
"73","Setophaga townsendi","SRE22M04","5/22/2017","10:40:00 AM","Giveout Creek Rd, Nelson","49 26.426","117 16.026",971,"Conifer",NA,"Red Cedar (Thuga plicata), Western Hemlock (Tsuga heterophylla)",NA,NA,"15",NA,"stream","No","LM",1,"yes",NA,"clear","thick growth of young trees, unable to get into forest"
"74","Setophaga townsendi","SRE24M01","5/24/2017","7:15:00 AM","Fassifern FS rd, Cranbrook","49 29.641","115 51.924",1204,"Mixed Conifer/Hardwood",70,"Sitka Spruce (Picea sitchensis)",3,"6","15","RCKI","wind, stream","Yes","MJO",1,"yes",NA,"clear",NA
"75","Setophaga townsendi","SRE24M02","5/24/2017","8:00:00 AM","Fassifern FS rd, Cranbrook","49 30.633","115 52.233",1305,"Conifer",60,"Douglas Fir (Pseudotsuga menziesii)",1,"3","15","PAWR","wind, cracking of trees","No","LM",3,"yes (1,2,3)",NA,"clear","infrequent singing. When banding, 2 more TOWA seen, fighting with SRE24M02"
"76","Setophaga townsendi","SRE24M03","5/24/2017","9:35:00 AM","Fassifern FS rd, Cranbrook","49 30.689","115 53.188",1405,"Conifer",60,"Douglas Fir (Pseudotsuga menziesii)",2,"5","10","DEJU, RCKI, WETA","Squirrel","No","MJO",2,"yes (1,2)",NA,"clear","female nearby, foraging low. song and call notes"
"77","Setophaga townsendi","SRE25M01","5/24/2017","6:04:00 AM","Fassifern FS rd, Cranbrook","49 30.341","115 52.407",1325,"Conifer",75,"Douglas Fir (Pseudotsuga menziesii)",2,"3","10","RCKI, HETH",NA,"Yes","MJO",1,"yes",NA,"clear",NA
"78","Setophaga townsendi","SRE25M02","5/25/2017","8:10","Fassifern FSR, Cranbrook","49 30.617'","115 53.137'",1408,"Conifer",40,"Douglas Fir",3,"3, 5","10",NA,NA,"N","MJO",2,"yes (1,2)",NA,"b/c","clear rec 1, buzzy rec 2"
"79","Setophaga townsendi","SRE25M03","5/25/2017","9:10","Fassifern FSR, Cranbrook","49 30.445'","115 53.130'",1394,"Conifer",70,"Douglas Fir",2,"3","15","PAWR","stream","N","MJO",2,"yes (1,2)",NA,"clear",NA
"80","Setophaga townsendi","SRE25M04","5/25/2017","9:30","Fassifern FSR, Cranbrook","49 30.293'","115 52.335'",1320,"Conifer",60,"Western Larch",2,"5","10","CORA, WETA, RCKI",NA,"Y","MJO",1,"yes",NA,"clear","can hear SRE25M01 in distance"
"81","Setophaga townsendi","SRE26M01","5/26/2017","6:30","Wilson Lake FSR, Nakusp","50 14.649'","117 40.967'",1043,"Conifer",95,"Western Hemlock",2,"2","15","GCKI",NA,"N","MJO",1,"yes",NA,"clear",NA
"82","Setophaga townsendi","SRE26M02","5/26/2017","7:05","Wilson Lake FSR, Nakusp","50 14.471'","117 40.514'",1009,"Conifer",90,"Western Hemlock",2,"5","15","PISI",NA,"Y","MJO",1,"yes",NA,"clear",NA
"83","Setophaga townsendi","SRE26M03","5/26/2017","8:00","Wilson Lake FSR, Nakusp","50 14.527'","117 40.265'",1008,"Conifer",80,"Western Hemlock",2,"3","20","VATH, CAVI","stream","Y","MJO",2,"yes (1,2)",NA,"clear",NA
"84","Setophaga townsendi","SRE26M04","5/26/2017","9:00","Wilson Lake FSR, Nakusp","50 14.435'","117 40.021'",1015,"Conifer",NA,"Western Hemlock",2,"2","10-30'","CAVI, YEWA","stream","Y","MJO",3,"yes (3)",NA,"clear",NA
"85","Setophaga townsendi","SRE26M05","5/26/2017","10:00","Wilson Lake FSR, Nakusp","50 14.692'","117 39.783'",1030,"Conifer",NA,"Red Cedar",2,"3","15",NA,"creek","Y","MJO",1,"maybe",NA,"clear",NA
"86","Setophaga townsendi","SRE28M01","5/28/2017","7:00","Spahats FSR, Clearwater","51 04.592","119 59.881",858,"Conifer",80,"Red Cedar",3,"5","15",NA,NA,"Y","MJO",2,"yes (1,2)",NA,"clear",NA
"87","Setophaga townsendi","SRE28M02","5/28/2017","8:00","Spahats FSR, Clearwater","51 44.361","119 59.263",NA,"Conifer",85,"Red Cedar",3,"5","15",NA,NA,"Y","LIMM",1,"yes",NA,"clear",NA
"88","Setophaga townsendi","SRE28M03","5/28/2017","8:15","Spahats FSR, Clearwater","51 44.339","119 59.149",932,"Conifer",85,"Red Cedar",3,"5","15",NA,NA,"Y","LIMM",1,"yes",NA,"clear",NA
"89","Setophaga townsendi","SRE28M04","5/28/2017","9:20","Spahats FSR, Clearwater","51 44.351","119 58.860",963,"Conifer",95,"Western Hemlock",3,"5","10","WAVI, GCKI","stream","Y","MJO",1,"yes",NA,"buzzy",NA
"90","Setophaga townsendi","SRE29M02","5/29/2017","5:38","Spahats FSR, Clearwater","51 44.262","119 57.941",1095,"Conifer",90,"Douglas Fir, Red Cedar",2,"5","15","STJA","river","N","LIMM",1,"yes",NA,"clear",NA
"91","Setophaga townsendi","SRE29M03","5/29/2017","5:55","Spahats FSR, Clearwater","51 44.304","119 57.791",1107,"Conifer",NA,"Douglas Fir",3,NA,"30","WETA, PAWR","squirrel","N","MJO",1,"yes",NA,"b/c","clear and buzzy songs. A lot of TOWA individuals in area singing buzzy song, maybe still establishing territories? Up to 6 individuals "
"92","Setophaga townsendi","SRE29M04","5/29/2017","6:05","Spahats FSR, Clearwater","51 44.375","119 57.705",1133,"Conifer",NA,"Red Cedar",3,NA,"20","OCWA, WIWA, WETA",NA,"N","MJO",2,"yes (1,2*)",NA,"buzzy","Other TOWA individuals in area, singing buzzy song and moving a lot. Maybe still establishing territory"
"93","Setophaga townsendi","SRE29M05","5/29/2017","7:15","Trophy Mtn FSR, Clearwater","51 45.175","119 58.730",1331,"Conifer",80,"Douglas Fir",2,"4","10",NA,NA,"Y",NA,1,"yes",NA,"clear","very dense stand of lots of dead trees"
"94","Setophaga townsendi","SRE29M06","5/29/2017","8:35","Trophy Mtn FSR, Clearwater","51 45.557","119 58.678",1360,"Conifer",80,"Engelmann's Spruce (Picea engelmanii)",2,"5","15",NA,NA,"N","LIMM",1,"maybe",NA,"clear","mostly standing dead trees"
"95","Setophaga townsendi","SRE29M07","5/29/2017","8:43","Trophy Mtn FSR, Clearwater","51 45.572","119 58.650",1365,"Conifer",70,"Engelmann's Spruce (Picea engelmanii)",2,"5","20",NA,NA,"N","LIMM",2,"maaybe",NA,"clear",NA
"96","Setophaga townsendi","SRE29M08","5/29/2017","8:55","Trophy Mtn FSR, Clearwater","51 45.678","119 58.570",1382,"Conifer",70,"Engelmann's Spruce (Picea engelmanii)",3,"6","15",NA,"none","N","MJO",2,"maybe (1,2)",NA,"buzzy","buzzy and clear songs"
"97","Setophaga townsendi","SRE29M09","5/29/2017","9:25","Trophy Mtn FSR, Clearwater","51 45.820","119 58.526",1401,"Conifer",NA,"Douglas Fir",2,"6","20","WAVI, TOSO",NA,"N","MJO",2,"maybe (1,2)",NA,"clear","buzzy and clear songs"
"98","Setophaga townsendi","SRE30M01","5/30/2017","6:10","Canoe Lake FSR, Valemount","52 41 684","119 02.599",802,"Conifer",80,"Douglar Fir, Lodgepole Pin",2,"2","10",NA,NA,"Y","MJO",1,"yes",NA,"clear",NA
"99","Setophaga townsendi","SRE30M02","5/30/2017","6:37","Canoe Lake FSR, Valemount","52 41.697","119 02.459",818,"Mixed Conifer and Hardwood",70,"Douglas Fir, Paper Birch",2,"5","10",NA,NA,"N","MJO",1,"yes",NA,"clear",NA
"100","Setophaga townsendi","SRE30M03","5/30/2017","8:15","Yellow Jacket FSR, Valemount","52 42.233","119 02.565",842,"Conifer",80,"Lodgepole Pine",2,"6","10","OCWA, WIWA",NA,"Y","MJO",2,"yes (1,2)",NA,"clear",NA
"101","Setophaga townsendi","SRE31M01","5/31/2017","5:00","Yellow Jacket Rec Site, Valemount",NA,NA,NA,"Conifer",65,"Lodgepole Pine",3,"2","10","VATH, SWTH","creek","Y","MJO",1,"yes",NA,"clear",NA
"102","Setophaga townsendi","SRE31M02","5/31/2017","7:30","Dave Henry Hill, Valemount","52 45.713","119 03.990",1135,"Conifer",60,"Red Cedar",3,"6","5","PAWR, WAVI","stream","N","MJO",3,"yes (1,2,3)",NA,"b/c","buzzy in rec 2"
"103","Setophaga townsendi","SRF02M02","6/02/20117","9:15","Mount Pope Trail, Fort St James","54 28.378","124 18.528",788,"Conifer",60,"Douglar Fir",3,"5","20","SWTH, RBSA",NA,"N","MJO",1,"yes",NA,"clear",NA
"104","Setophaga townsendi","SRF05M01","6/5/2017","6:40","Battleship FSR, Fort St. James","54 32.433","124 22.754",835,"Conifer",60,"Lodgepole Pine",2,"3","10",NA,NA,"N","MJO",1,"yes",NA,"clear","no voice information in the recording"
"105","Setophaga townsendi","SRF05M02","6/5/2017","8:00","Battleship FSR, Fort St. James","54 31.653","124 23.554",791,"Conifer",60,"Douglas Fir",4,"4","5","WAVI",NA,"N","MJO",1,"yes",NA,"clear",NA
"106","Setophaga townsendi","SRF06M02","6/6/2017","6:40","Holy Cross- Francois Lake FSR, Fraser Lake","53 58.155","125 04.192",824,"Conifer",60,"Hybrid Spruce",4,"6","20","MAWA",NA,"N","MJO",2,"yes (1,2)",NA,"b/c","mostly buzzy song with some clear"
"107","Setophaga townsendi","SRF06M03","6/6/2017","7:50","Francois Lake FSR, Fraser Lake","53 56.877","125 05.649",1039,"Conifer",60,"Lodgepole Pine",4,"5","7",NA,"Traffic/ stream","Y","LIMM",1,"yes",NA,"clear","Young trees were predominately deciduous"
"108","Setophaga townsendi","SRF06M04","6/6/2017","9:20","Francois Lake FSR, Fraser Lake","53 56.748","125 11.560",1092,"Conifer",70,"Hybrid Spruce",4,"4","15","YRWA","mosquitoes","N","LIMM",1,"maybe",NA,"clear","lots of dead trees (standing and fallen)"
"109","Setophaga townsendi","SRF06M05","6/6/2017","10:30","PG Wood FSR, Fraser Lake","53 56.987","125 11.559",992,"Conifer",60,"Hybrid Spruce",3,"5","10","CHSP, OCWA, SWTH",NA,"Y","MJO",1,"maybe",NA,"buzzy","buzzy and clear songs"
"110","Setophaga townsendi","SRF06M06","6/6/2017","10:30","PG Wood FSR, Fraser Lake","53 56.135","125 11.407",1006,"Mixed Conifer and Hardwood",50,"Hybrid Spruce",3,"4","5",NA,"squirrel","N","MJO",2,"yes",NA,"b/c","buzzy and clear songs. Buzzy in rec 1, clear in rec 2"
"111","Setophaga townsendi","SRF07M01","6/7/2017","5:30","Logging road South of Borel Lake, Fraser Lake","53 55.145","125 04.364",1090,"Conifer",NA,"Hybrid Spruce",3,"6","10",NA,NA,"Y","MJO",1,"yes",NA,"clear","Lots of dead limbs on trees. Seen singing from a deciduous tree."
"112","Setophaga townsendi","SRF07M02","6/7/2017","5:40","Logging road South of Borel Lake, Fraser Lake","53 55.073","125 04.680",1099,"Conifer",NA,"Douglas Fir",4,"6","20",NA,NA,"Y","MJO",1,"yes",NA,"clear","Fir stand edged by thick deciduous patch. Singing from snags and live trees"
"113","Setophaga townsendi","SRF07M03","6/7/2017","6:05","Logging road South of Borel Lake, Fraser Lake","53 55.064","125 04.807",1100,"Conifer",NA,"Douglas Fir",3,"6","30",NA,NA,"Y","MJO",2,"yes",NA,"buzzy","buzzy song"
"114","Setophaga townsendi","SRF07M06","6/7/2017","9:00","Logging road South of Borel Lake, Fraser Lake","53 54.995","125 05.129",1077,"Conifer",85,"Hybrid Spruce",4,"6","15","WAVI, RCKI",NA,"N","MJO",1,"maybe",NA,"buzzy",NA
"115","Setophaga townsendi","SRF08M01","6/8/2017","5:15","Hidden Lake FSR, Houston","54 29.764","126 39.777",1074,"Conifer",80,"Hybrid Spruce",3,"1","10",NA,NA,"N","LIMM",2,"yes (1,2)",NA,"buzzy","first part of recording may be SRF08M02"
"116","Setophaga townsendi","SRF08M02","6/8/2017","5:20","Hidden Lake FSR, Houston","54 29.731","126 39.824",1078,"Conifer",80,"Hybrid Spruce",3,"1","10",NA,NA,"N","LIMM",1,"maybe",NA,"buzzy",NA
"117","Setophaga townsendi","SRF08M03","6/8/2017","6:30","Hidden Lake FSR, Houston","54 30.189","126 39.362",1092,"Conifer",80,"Hybrid Spruce",3,"2","10-May","AMRO, RCKI, SWTH",NA,"Y","MJO",3,"yes (1,2)",22,"buzzy","SRF08M04 singing in background. Female nearby. Buzzy song"
"118","Setophaga townsendi","SRF08M04","6/8/2017","6:40","Hidden Lake FSR, Houston","54 30.205","126 39.321",1095,"Conifer",80,"Hybrid Spruce",3,"2","15","RCKI, SWTH",NA,"Y","MJO",1,"yes",NA,"buzzy","buzzy song, SRF08M03 singing in background. Female nearby"
"119","Setophaga townsendi","SRF08M05","6/8/2017","8:50","Hidden Lake FSR, Houston","54 31.462","126 40.271",1080,"Conifer",70,"Hybrid Spruce",2,"3","15",NA,"stream","N","LIMM",1,"maybe",NA,"clear","few clear songs and call ntoes"
"120","Setophaga townsendi","SRF08M06","6/8/2017","9:15","Hidden Lake FSR, Houston","54 31.742","126 39.866",1081,"Conifer",50,"Hybrid Spruce",3,"2","20-Oct",NA,"squirrel","N","LIMM",2,"yes (1*, 2)",NA,"buzzy","flying around territory. Moving a lot"
"121","Setophaga townsendi","SRF08M08","6/8/2017","10:00","Hidden Lake FSR, Houston","54 31.903","126 40.416",1132,"Conifer",70,"Hybrid Spruce",4,"3","10","VATH",NA,"N","MJO",1,"yes",NA,"clear",NA
"122","Setophaga townsendi","SRF08M09","6/8/2017","10:10","Hidden Lake FSR, Houston","54 31.908","126 40.540",1131,"Conifer",50,"Hybrid Spruce",2,"5","20",NA,NA,"N","LIMM",1,"yes",NA,"clear",NA
"123","Setophaga townsendi","SRF08M10","6/8/2017","10:55","Hidden Lake FSR, Houston","54 30.267","126 39.340",1092,"Conifer",NA,"Hybrid Spruce",3,NA,"10-May","SWTH",NA,"N","LIMM",1,"yes",NA,"clear",NA
"124","Setophaga townsendi","SRF10M01","6/10/2017","5:20","Butze Rapids Trail, Prince Rupert","54 18.387","130 16.069",62,"Conifer",90,"Western Hemlock, Red Cedar, Sitka Spruce",3,"6","10","WETA","Construction","N","MJO",1,"maybe",NA,"buzzy","buzzy song"
"125","Setophaga townsendi","SRF10M02","6/10/2017","5:25","Butze Rapids Trail, Prince Rupert","54 18.341","130 16.066",64,"Conifer",90,"Western Hemlock, Red Cedar, Sitka Spruce",3,"6","15","AMRO, CAVI","traffic","Y","MJO",2,"maybe (1,2)",NA,"b/c","buzzy and clear songs"
"126","Setophaga townsendi","SRF10M03","6/10/2017","7:00","Butze Rapids Trail, Prince Rupert","54 17.960","130 15.933",59,"Conifer",75,"Western Hemlock",5,"6","30","PSFL, RBSA","construction","N","MJO",1,"yes",NA,"clear",NA
"127","Setophaga townsendi","SRF10M04","6/10/2017","7:26","Butze Rapids Trail, Prince Rupert","54 17.943","130 15.890",48,"Conifer",70,"Western Hemlock, Sitka Spruce",4,"6","20","PSFL","stream","Y","MJO",2,"yes (1,2)",NA,"clear",NA
"128","Setophaga townsendi","SRF10M05","6/10/2017","8:29","Butze Rapids Trail, Prince Rupert","54 18.072","130 15.157",40,"Conifer",70,"Western Hemlock, Red Cedar",3,"6","20-25",NA,"Construction","Y","MJO",2,"maybe (1,2)",NA,"b/c","buzzy in rec 1. clear in rec 2."
"129","Setophaga townsendi","SRF10M06","6/10/2017","9:15","Butze Rapids Trail, Prince Rupert","54 17.979","130 14.926",22,"Conifer",NA,"Western Hemlock, Red Cedar",3,"6","20",NA,NA,"Y","LIMM",1,"yes",NA,"clear",NA
"130","Setophaga townsendi","SRF11M01","6/11/2017","6:24","Tall Trees Trail, Prince Rupert","54 18.082","130 16.178",82,"Conifer",80,"Western Hemlock",3,"4","10",NA,"Construction","Y","MJO",1,"yes",NA,"clear","another TOWA singing buzzy song in distance"
"131","Setophaga townsendi","SRF11M02","6/11/2017","8:17","Tall Trees Trail, Prince Rupert","54 17.950","130 16.495",120,"Conifer",80,"Western Hemlock, Red Cedar, Sitka Spruce",3,"6","10","PSFL, BAEA","traffic","Y","MJO",1,"yes",NA,"b/c","closer then moved more distant"
"132","Setophaga townsendi","SRF11M03","6/11/2017","9:20","Tall Trees Trail, Prince Rupert","54 17.930","130 16.544",138,"Conifer",80,"Western Hemlock, Red Cedar, Sitka Spruce",4,"6","40",NA,"people","Y","MJO",1,"yes",NA,"clear",NA
"133","Setophaga townsendi","SRF12M01","6/12/2017","7:30","Hwy 113, Terrace","54 39.915","128 42.963",170,"Conifer",98,"Western Hemlock",3,"2","10","CAVI","traffic","Y","MJO",1,"yes",NA,"buzzy","buzzy songs"
"134","Setophaga townsendi","SRF12M02","6/12/2017","9:10","Lost Lake FSR, Terrace","54 36.531","128 38.077",223,"Conifer",70,"Western Hemlock",5,"2","15","CBCH, WETA",NA,"Y","MJO",1,"yes",NA,"clear",NA
"135","Setophaga townsendi","SRF12M03","6/12/2017","9:40","Lost Lake FSR, Terrace","54 36.578","128 37.719",225,"Conifer",80,"Western Hemlock",4,"2","25-Oct",NA,NA,"N","MJO",2,"yes (1,2)",NA,"b/c","""toWA 3' in rec. no voice information at end of recording. Buzzy in shared rec"
"136","Setophaga townsendi","SRF12M04","6/12/2017","9:55","Lost Lake FSR, Terrace","54 36.618","128 37.644",215,"Conifer",80,"Western Hemlock",4,"5","15-25",NA,NA,"Y","MJO",2,"yes (1,2)",NA,"b/c","towa 4 in rec. buzzy in shared rec"
"137","Setophaga townsendi","SRF12M05","6/12/2017","10:50","Lost Lake FSR, Terrace","54 36.990","128 37.720",272,"Conifer",90,"Red Cedar",3,"3","10",NA,"car door","N","MJO",1,"yes",NA,"buzzy",NA
"138","Setophaga townsendi","SRF13M01","6/13/2017","5:55","Pine Lake Trail, Terrace","54.36.667","128 43.455",244,"Conifer",98,"Pacific Silver Fir",5,"2","15","WETA",NA,"Y","MJO",2,"maybe (1)",NA,"clear",NA
"139","Setophaga townsendi","SRF13M02","6/13/2017","7:00","Pine Lake Trail, Terrace","54 36.768","128 43.480",254,"Conifer",90,"Pacific Silver Fir",4,"2","25-Oct","RECR, RBNU","mosquitoes","N","MJO",3,"yes (1,3)",NA,"b/c","SRF13M03 heard in background. Buzzy and clear songs. Buzzy in rec 1. clear in rec 3"
"140","Setophaga townsendi","SRF13M03","6/13/2017","7:25","Pine Lake Trail, Terrace","54 36.855","128 43.487",259,"Conifer",95,"Pacific Silver Fir",4,"2","25",NA,NA,"Y","MJO",1,"yes",NA,"clear","buzzy and clear songs"
"141","Setophaga townsendi","SRF13M04","6/13/2017","7:55","Pine Lake Trail, Terrace","54 36.991","128 43.517",266,"Conifer",80,"Pacific Silver Fir",2,"2","20-Oct",NA,NA,"Y","LIMM",1,"yes",NA,"clear",NA
"142","Setophaga townsendi","SRF14M01","6/14/2017","6:24","Wedeene FSR, Kitimat","54 14.523","128 40.274",154,"Conifer",95,"Pacific Silver Fir",4,"4","10","PSFL, BCCH","stream","Y","MJO",1,"yes",NA,"clear",NA
"143","Setophaga townsendi","SRF14M02","6/14/2017","7:15","Wedeene FSR, Kitimat","54 15.572","128 39.330",215,"Conifer",98,"Sitka Spruce",4,"2","5","YRWA",NA,"Y","MJO",1,"yes",NA,"buzzy",NA
"144","Setophaga townsendi","SRF14M03","6/14/2017","8:00","Wedeene FSR, Kitimat","54 15.721","128 39.380",201,"Conifer",95,"Western Hemlock, Sitka Spruce",2,"1","20-May",NA,NA,"Y","LIMM",1,"yes",NA,"b/c",NA
"145","Setophaga townsendi","SRF14M04","6/14/2017","8:45","Wedeene FSR, Kitimat","54 16.348","128 39.294",198,"Conifer",90,"Western Hemlock, Sitka Spruce",2,"1","20-May",NA,NA,"Y","LIMM",1,"maybe",NA,"clear","Dramatic shift in forest (within 2-6m) from where the recording was started and ended, from 90% cover sitka spruce to 60% cover W hemlock "
"146","Setophaga townsendi","SRF14M05","6/14/2017","9:45","Wedeene FSR, Kitimat","54 16.901","129 38.820",195,"Conifer",98,"Pacific Silver Fir",4,"2","10",NA,"stream","N","MJO",1,"yes",NA,"clear","weird song, neighbor TOWA nearby"
"147","Setophaga townsendi","SRF14M06","6/14/2017","10:40","Wedeene FSR, Kitimat","54 16.941","128 36.215",199,"Conifer",95,"Western Hemlock",2,"1","10","YRWA",NA,"N","MJO",1,"yes",NA,"clear",NA
"148","Setophaga townsendi","SRF16M01","6/16/2017","6:24","Mitten FSR, Gitanyow","55 38.758","128 27.935",575,"Conifer",80,"Western Hemlock",3,"2","15",NA,"wind","N","MJO",1,"maybe",NA,"buzzy","SRF16M02 in background"
"149","Setophaga townsendi","SRF16M02","6/16/2017","6:48","Mitten FSR, Gitanyow","55 38.743","128 27.960",567,"Conifer",80,"Western Hemlock",3,"4","20",NA,"wind","Y","MJO",1,"maybe",NA,"clear",NA
"150","Setophaga townsendi","SRF16M04","6/16/2017","7:45","Mitten FSR, Gitanyow","55 39.034","128 22.838",590,"Conifer",NA,"Western Hemlock",2,NA,"10",NA,"cough, water, squirrel","N","LIMM",1,"yes",NA,"clear",NA
"151","Setophaga townsendi","SRF17M01","6/17/2017","6:00","Clements Lake, Stewart","56 02.409","129 54.060",127,"Conifer",95,"Western Hemlock, Sitka Spruce",4,"5","5","PSFL, VATH, SWTH",NA,"N","MJO",2,"yes (1,2)",NA,"b/c","buzzy in rec 1, maybe not good enough quality"
"152","Setophaga townsendi","SRF17M02","6/17/2017","6:13","Clements Lake, Stewart","56 02.388","129 54.120",113,"Conifer",95,"Western Hemlock, Sitka Spruce",4,"5","20-May","PSFL, SWTH",NA,"Y","MJO",3,"yes (1,2,3)",NA,"b/c","buzzy in rec 1, maybe not good enough quality"
"153","Setophaga townsendi","SRF17M03","6/17/2017","7:15","Clements Lake, Stewart","56 02.263","129 53.915",124,"Conifer",85,"Western Hemlock",2,"1","20",NA,NA,"N","LIMM",2,"yes (1)",NA,"buzzy","Recording picked up both SRF17M03 + SRF17M04, unable to tell apart. 3rd rec is close up of SRF17M03"
"154","Setophaga townsendi","SRF17M04","6/17/2017","7:30","Clements Lake, Stewart","56 02.267","129 53.938",120,"Conifer",85,"Western Hemlock",2,"1","20",NA,NA,"N","LIMM",2,"yes (2)",NA,"clear","Recording picked up both SRF17M03 + SRF17M04, unable to tell apart. 3rd rec is close up of SRF17M04"
"155","Setophaga townsendi","SRF17M05","6/17/2017","9:00","Unnamed Rd off Hwy 37a, Stewart","56 06.117","129 53.031",146,"Conifer",90,"Western Hemlock",5,"4","5","PSFL",NA,"Y","MJO",2,"yes (1,2)",NA,"clear",NA
"156","Setophaga townsendi","SRF17M06","6/17/2017","10:22","American Creek Trail, Stewart","56 06.184","129 52.657",177,"Conifer",90,"Western Hemlock",4,"4","10","PSFL","squirrel","Y","MJO",2,"maybe (1,2)",NA,"buzzy",NA
"157","Setophaga townsendi","SRF18M01","6/18/2017","8:15","American Creek Trail, Stewart","56 06.888","129 53.056",222,"Conifer",80,"Western Hemlock",5,"5","15","DEJU, PSFL, PISI","Squirrel","Y","MJO",3,"yes (1,2)",NA,"clear","buzzy and clear songs. Last two tracks taken after banding"
"158","Setophaga townsendi","SRF18M02","6/18/2017","9:38","American Creek Trail, Stewart","56 07.568","129 53.543",282,"Conifer",NA,"Western Hemlock",3,NA,"10",NA,"creek","N","MJO",1,"yes",NA,"clear","clear song in recording"
"159","Setophaga townsendi","SRF18M04","6/18/2017","11:20","American Creek Trail, Stewart","56 07.455","129 53.495",283,"Conifer",70,"Western Hemlock",4,"5","15-Oct",NA,NA,"N","LIMM",1,"yes",NA,"clear",NA
"160","Setophaga townsendi","SRF18M05","6/18/2017","12:13","American Creek Trail, Stewart","56 06.283","129 53.000",145,"Mixed Conifer and Hardwood",85,"Western Hemlock",3,"4","15-Oct",NA,"wind, trees cracking","N","LIMM",1,"yes",NA,"clear",NA
"161","Setophaga townsendi","SRF18M06","6/18/2017","12:30","American Creek Trail, Stewart","56 06.094","129 52.657",162,"Conifer",85,"Western Hemlock",2,"1","15-Oct",NA,NA,"N","LIMM",1,"yes",NA,"clear",NA
"162","Setophaga townsendi","SRF20M01","6/20/2017","6:10","Blue Lake Rd, Williams Lake","52 20.570","122 08.857",990,"Conifer",50,"Douglas Fir",3,"4","17",NA,NA,"Y","MJO",1,"yes",NA,"buzzy","buzzy song"
"163","Setophaga townsendi","SRF22M01","6/22/2017","7:44","Bulter Peak Trail, Tatla Lake","51 45.892","124 41.158",1072,"Conifer",70,"Lodgepole Pine",2,"3","15",NA,"stream","Y","MJO",2,"yes (2)",NA,"clear","buzzy song in rec 1, probably not good enough quality"
"164","Setophaga townsendi","SRF22M02","6/22/2017","8:47","Bulter Peak Trail, Tatla Lake","51 45.854","124 40.911",1091,"Mixed Conifer and Hardwood",50,"Lodgepole Pine, Trembling Aspen",2,"6","5","MGWA","stream","N","MJO",2,"yes (1,2)",NA,"buzzy","buzzy song"
"165","Setophaga townsendi","SRF22M03","6/22/2017","9:02","Bulter Peak Trail, Tatla Lake","51 45.834","124 41.063",1069,"Conifer",70,"Lodgepole Pine",2,"4","40",NA,"stream","N","MJO",3,"yes (1,2)",NA,"clear","recorded from other side of stream, clear song recorded 25 June 2017"
"166","Setophaga townsendi","SRF23M01","6/23/2017","5:30","Saloompt Forest Trail, Hagensborg","52 23.865","126 31.890",68,"Conifer",90,"Red Cedar",5,"4","5","PAWR, AMRO","river, squirrel","Y","MJO",2,"yes (_2)",NA,"clear","buzzy song was natural"
"167","Setophaga townsendi","SRF23M02","6/23/2017","5:40","Saloompt Forest Trail, Hagensborg","52 23.900","126 31.923",60,"Conifer",90,"Red Cedar",5,"4","5","PAWR","river, squirrel","Y","MJO",1,"yes",NA,"clear",NA
"168","Setophaga townsendi","SRF23M03","6/23/2017","6:40","Saloompt Forest Trail, Hagensborg","52 23.895","126 32.142",62,"Conifer",90,"Red Cedar",5,"4","5","BAEA",NA,"N","MJO",2,"yes (_1)",NA,"clear",NA
"169","Setophaga townsendi","SRF23M07","6/23/2017","9:25","Lost Lake Trail, Hagensborg","52 25.086","126 28.016",269,"Conifer",80,"Red Cedar",4,"1","20",NA,NA,"Y","LIMM",2,"yes (_1,_2)",NA,"b/c",NA
"170","Setophaga townsendi","SRF24M01","6/24/2017","5:50","Snooka Trail, Bella Coola","52 21.448","126 38.922",213,"Conifer",80,"Western Hemlock",5,"5","5","PAWR","creek","Y","MJO",2,"yes (1,2)",NA,"clear","1st recording: weird song, sang directly above observer. 2nd rec: recorded after observer moved away, sounded like natural song"
"171","Setophaga townsendi","SRF24M02","6/24/2017","7:10","Snooka Trail, Bella Coola","52 21.599","126 39.120",93,"Conifer",80,"Red Cedar",5,"4","10-May",NA,"creek","Y","MJO",2,"yes (1,2)",NA,"clear",NA
"172","Setophaga townsendi","SRF24M03","6/24/2017","8:25","Snooka Trail, Bella Coola","52 21.673","126 39.583",51,"Conifer",70,"Western Hemlock, Red Alder",5,"4","10","WAVI","stream","Y","MJO",2,"maybe (1)",NA,"clear",NA
"173","Setophaga townsendi","SRF24M04","6/24/2017","9:20","Big Cedars Trail, Bella Coola","52 22.816","126 37.321",36,"Conifer",60,"Red Cedar",5,"4","10","WAVI",NA,"N","MJO",2,"maybe (1)",NA,"buzzy","buzzy song"
"174","Setophaga townsendi","SRF24M05","6/24/2017","9:27","Big Cedars Trail, Bella Coola","52 22.807","126 37.283",56,"Conifer",60,"Red Cedar",5,"4","20","SWTH, HAWO, WAVI","squirrel","N","MJO",3,"maybe (1)",NA,"buzzy","buzzy and clear song"
"175","Setophaga townsendi","SRF25M01","6/25/2017","6:20","Bulter Peak Trail, Tatla Lake","51 45.851","124 40.569",1141,"Conifer",50,"Lodgepole Pine",2,"4","10",NA,"creek","Y","MJO",2,"yes (1,2)",NA,"b/c","clear in rec 1. buzzy in rec 2"
"176","Setophaga townsendi","SRF25M02","6/25/2017","8:30","Bluff Lake Rd, Tatla Lake","51 46.069","124 42.359",965,"Conifer",50,"Lodgepole Pine",2,"1","15-Oct",NA,NA,"Y","LIMM",3,"yes (2,3)",NA,"b/c",NA
"177","Setophaga townsendi","SRF27M01","6/27/2017","6:20","Big Bar Lake Rd, Kelly Lake","51 01.392","121 46.377",1136,"Conifer",70,"Douglas Fir",5,"3","5","HAFL","stream","Y","MJO",1,"yes",NA,"b/c","buzzy and clear songs both sound odd"
"178","Setophaga townsendi","SRF27M02","6/27/2017","7:10","Big Bar Lake Rd, Kelly Lake","51 01.950","121 46.775",1157,"Conifer",NA,"Hybrid Spruce",4,"2","20",NA,"stream","N","MJO",1,"maybe",NA,"buzzy","buzzy song"
"179","Setophaga townsendi","SRF27M04","6/27/2017","8:40","Big Bar Lake Rd, Kelly Lake","51 04.141","121 49.7566",1318,"Conifer",90,"Hybrid Spruce",4,"5","15",NA,"traffic","N","LIMM",1,"yes",NA,"clear","clear song"
"180","Setophaga townsendi","SRF27M05","6/27/2017","9:02","Big Bar Lake Rd, Kelly Lake","51 04.397","121 50.168",1332,"Conifer",45,"Hybrid Spruce",4,"4","5",NA,"stream","Y","MJO",2,"yes (2)",NA,"clear",NA
"181","Setophaga townsendi","SRF27M06","6/27/2017","9:17","Big Bar Lake Rd, Kelly Lake","51 04.427","121 50.249",1355,"Conifer",70,"Hybrid Spruce",3,"4","15",NA,"stream","Y","MJO",2,"yes (2)",NA,"buzzy","buzzy song only"
"182","Setophaga townsendi","SRF28M01","6/28/2017","7:40","Grinder Trailhead Rd, Clinton","51 12.504","121 59.963",1122,"Conifer",70,"Hybrid Spruce",3,"3","20-May",NA,"stream","Y","MJO",3,"yes(2)",NA,"clear","clear song only"
"183","Setophaga townsendi","SRF28M02","6/28/2017","7:44","Grinder Trail, Clinton","51 11.990","121 59.972",1154,"Conifer",60,"Hybrid Spruce",2,"2","8","RCKI, DUFL",NA,"N","MJO",2,"yes (1,2)",NA,"clear","weird song, sounded like a mix of clear and buzzy songs"
"184","Setophaga townsendi","SRF28M04","6/28/2017","11:00","Grinder Trailhead Rd, Clinton","51 12.167","121 59.981",1156,"Mixed Conifer and Hardwood",70,"Trembling Apsen, Douglas Fir",3,"3","8",NA,"stream","N","MJO",1,"yes",NA,"clear",NA
"185","Setophaga townsendi","SRF29M02","6/29/2017","6:05","Owl Creek FSR, Pemberton","50 21.793","122 44.424",489,"Conifer",80,"Douglas Fir",3,"3","5","PISI, BTYW","creek","Y","MJO",1,"yes",NA,"clear",NA
"186","Setophaga townsendi","SRF29M04","6/29/2017","11:00","Sea-to-Sky Trail off Birkenhead River Rd, Pemberton","50 27.396","122 41.702",606,"Mixed Conifer and Hardwood",80,"Douglas Fir",3,"4","10","SWTH, CAVI, RBNU",NA,"N","LIMM",1,"maybe",NA,"clear",NA
"187","Setophaga townsendi","SRF30M01","6/30/2017","7:25","Shadow Lake Trail, Pemberton","50 13.232","122 53.018",483,"Conifer",80,"Douglas Fir",3,"6","9","BTYW, WAVI","traffic","Y","MJO",2,"maybe (1)",NA,"buzzy",NA
"188","Setophaga townsendi","SRG01M03","7/1/2017","9:08","High Trail, Brohm Lake Interpretive Forest, Squamish","49 48.840","123 08.333",292,"Conifer",80,"Western Hemlock",4,"5","5","PAWR, AMRO",NA,"N","MJO",1,"",NA,"",NA
"189","Setophaga townsendi","SRG02M01","7/2/2017","8:12","Four Lakes Trail, Alice Lake Provinical Park, Squamish","49 47.221","123 07.495",228,"Conifer",90,"Douglas Fir",5,"2","5","PAWR, SWTH, WETA, HAWO",NA,"N","MJO",1,"yes",NA,"b/c",NA
"190","Setophaga townsendi","SRG02M02","7/2/2017","8:21","Four Lakes Trail, Alice Lake Provinical Park, Squamish","49 47.162","123 07.499",236,"Conifer",95,"Douglas Fir",5,"4","12","PAWR, SWTH, WETA, HAWO, BRCR",NA,"N","MJO",1,"yes",NA,"clear",NA
"191","Setophaga townsendi","SRG02M03","7/2/2017","8:45","Four Lakes Trail, Alice Lake Provinical Park, Squamish","49 47.064","123 07.426",232,"Conifer",95,"Red Cedar",5,"2","5",NA,NA,"N","MJO",1,"yes",NA,"clear",NA
"192","Setophaga townsendi","SRG04M01","7/4/2017","8:45","Bridge Trail, Brohm Lake Interpretive Trail, Squamish","49 48.736","123 07.791",337,"Conifer",75,"Western Hemlock",3,"4","5","DEJU",NA,"Y","MJO",3,"yes (1,2)",NA,"b/c","clear song"
"193","Setophaga townsendi","SRG04M02","7/4/2017","9:00","High Trail, Brohm Lake Interpretive Forest, Squamish","49 48.733","123 08.020",305,"Conifer",90,"Western Hemlock",4,"5","5","PAWR",NA,"Y","MJO",3,"yes (1,3)",NA,"clear","clear song"
"194","Setophaga townsendi","SRG04M03","7/4/2017","9:20","High Trail, Brohm Lake Interpretive Forest, Squamish","49 48.844","123 08.049",360,"Conifer",80,"Douglas Fir",4,"4","15","PSFL",NA,"Y","MJO",2,"yes (1,2)",NA,"clear",NA
